Ticker,Fri->Thu(+1w)@90.0%,Fri->Thu(+1w)@90.5%,Fri->Thu(+1w)@91.0%,Fri->Thu(+1w)@91.5%,Fri->Thu(+1w)@92.0%,Fri->Thu(+1w)@92.5%,Fri->Thu(+1w)@93.0%,Fri->Thu(+1w)@93.5%,Fri->Thu(+1w)@94.0%,Fri->Thu(+1w)@94.5%,Fri->Thu(+1w)@95.0%,Fri->Thu(+1w)@95.5%,Fri->Thu(+1w)@96.0%,Fri->Thu(+1w)@96.5%,Fri->Thu(+1w)@97.0%,Fri->Thu(+1w)@97.5%,Fri->Thu(+1w)@98.0%,Fri->Thu(+1w)@98.5%,Fri->Thu(+1w)@99.0%,Fri->Thu(+1w)@99.5%,Fri->Tue(+1w)@90.0%,Fri->Tue(+1w)@90.5%,Fri->Tue(+1w)@91.0%,Fri->Tue(+1w)@91.5%,Fri->Tue(+1w)@92.0%,Fri->Tue(+1w)@92.5%,Fri->Tue(+1w)@93.0%,Fri->Tue(+1w)@93.5%,Fri->Tue(+1w)@94.0%,Fri->Tue(+1w)@94.5%,Fri->Tue(+1w)@95.0%,Fri->Tue(+1w)@95.5%,Fri->Tue(+1w)@96.0%,Fri->Tue(+1w)@96.5%,Fri->Tue(+1w)@97.0%,Fri->Tue(+1w)@97.5%,Fri->Tue(+1w)@98.0%,Fri->Tue(+1w)@98.5%,Fri->Tue(+1w)@99.0%,Fri->Tue(+1w)@99.5%,Fri->Wed(+1w)@90.0%,Fri->Wed(+1w)@90.5%,Fri->Wed(+1w)@91.0%,Fri->Wed(+1w)@91.5%,Fri->Wed(+1w)@92.0%,Fri->Wed(+1w)@92.5%,Fri->Wed(+1w)@93.0%,Fri->Wed(+1w)@93.5%,Fri->Wed(+1w)@94.0%,Fri->Wed(+1w)@94.5%,Fri->Wed(+1w)@95.0%,Fri->Wed(+1w)@95.5%,Fri->Wed(+1w)@96.0%,Fri->Wed(+1w)@96.5%,Fri->Wed(+1w)@97.0%,Fri->Wed(+1w)@97.5%,Fri->Wed(+1w)@98.0%,Fri->Wed(+1w)@98.5%,Fri->Wed(+1w)@99.0%,Fri->Wed(+1w)@99.5%,Mon->Thu@90.0%,Mon->Thu@90.5%,Mon->Thu@91.0%,Mon->Thu@91.5%,Mon->Thu@92.0%,Mon->Thu@92.5%,Mon->Thu@93.0%,Mon->Thu@93.5%,Mon->Thu@94.0%,Mon->Thu@94.5%,Mon->Thu@95.0%,Mon->Thu@95.5%,Mon->Thu@96.0%,Mon->Thu@96.5%,Mon->Thu@97.0%,Mon->Thu@97.5%,Mon->Thu@98.0%,Mon->Thu@98.5%,Mon->Thu@99.0%,Mon->Thu@99.5%,Mon->Tue@90.0%,Mon->Tue@90.5%,Mon->Tue@91.0%,Mon->Tue@91.5%,Mon->Tue@92.0%,Mon->Tue@92.5%,Mon->Tue@93.0%,Mon->Tue@93.5%,Mon->Tue@94.0%,Mon->Tue@94.5%,Mon->Tue@95.0%,Mon->Tue@95.5%,Mon->Tue@96.0%,Mon->Tue@96.5%,Mon->Tue@97.0%,Mon->Tue@97.5%,Mon->Tue@98.0%,Mon->Tue@98.5%,Mon->Tue@99.0%,Mon->Tue@99.5%,Mon->Wed@90.0%,Mon->Wed@90.5%,Mon->Wed@91.0%,Mon->Wed@91.5%,Mon->Wed@92.0%,Mon->Wed@92.5%,Mon->Wed@93.0%,Mon->Wed@93.5%,Mon->Wed@94.0%,Mon->Wed@94.5%,Mon->Wed@95.0%,Mon->Wed@95.5%,Mon->Wed@96.0%,Mon->Wed@96.5%,Mon->Wed@97.0%,Mon->Wed@97.5%,Mon->Wed@98.0%,Mon->Wed@98.5%,Mon->Wed@99.0%,Mon->Wed@99.5%
AAV.BK,,,,,,,-0.066214,-0.071207,-0.076148,-0.054786,-0.05482,-0.023459,-0.01919,-0.020423,-0.029214,-0.028517,-0.015903,-0.017284,-0.021655,-0.016375,,,,,,,-0.087436,-0.092316,-0.097144,-0.052218,-0.047851,-0.035897,-0.031742,-0.030191,-0.032902,-0.032006,-0.015544,-0.017173,-0.019963,-0.017368,,,,,,,-0.122807,-0.127498,-0.132139,-0.07396,-0.063364,-0.032735,-0.026616,-0.027071,-0.030991,-0.029534,-0.011099,-0.013453,-0.017746,-0.014359,0.021242,0.0156,0.010019,0.0045,-0.000959,-0.006359,-0.011701,-0.016986,-0.022215,-0.023266,-0.008676,-0.013866,-0.019002,-0.007893,-0.016786,-0.021152,-0.023071,-0.008686,-0.011846,-0.014247,0.013072,0.007475,0.001939,-0.003536,-0.008951,-0.014308,-0.019608,-0.024851,-0.030038,-0.000861,-0.003573,-0.00879,-0.013952,-0.021863,-0.023164,-0.025348,-0.024642,-0.012712,-0.016402,-0.013836,0.037582,0.031849,0.02618,0.020572,0.015026,0.009539,0.004111,-0.001258,-0.006571,0.006327,0.000957,-0.004283,-0.009469,-0.011775,-0.01814,-0.022476,-0.023189,-0.010494,-0.014382,-0.012623
ADVANC.BK,,,,,,,,,,,-0.02587,-0.03097,-0.036017,0.004553,-0.000625,0.005736,5.6e-05,-0.001285,0.005519,-5.3e-05,,,,,,,,,,,0.013381,0.008075,0.002825,0.012569,0.007349,-0.000555,0.009238,0.007169,-0.001885,-0.005734,,,,,,,,,,,,,,0.022101,0.016833,0.010446,0.010129,0.007072,0.001456,-0.00392,,,,,,,,,,,0.000474,-0.004764,-0.003982,-0.009142,-0.008391,-0.011556,-0.009867,-0.010048,0.006241,-0.00184,,,,,,,,,,,0.000474,-0.004764,-0.008942,-0.014077,-0.013639,-0.018684,-0.013005,-0.012508,-0.006368,-0.007137,,,,,,,,,,,0.014699,0.009386,0.000576,-0.004608,-0.006161,-0.011256,-0.004749,-0.00709,-0.001265,-0.004298
AEONTS.BK,,,,,,0.032819,0.027266,0.021772,0.016337,0.01096,0.005639,-0.000604,0.015455,0.000835,-0.013637,0.011909,-0.00786,-0.012045,-0.013827,-0.013665,,,,,,0.037645,0.032066,0.026547,0.021087,0.015684,0.010338,-0.021401,-0.015562,-0.010692,-0.0086,-0.005981,-0.012475,-0.015432,-0.010255,-0.010867,,,,,,,,,,,,-0.045416,-0.0098,-0.007471,-0.01188,-0.000415,-0.010427,-0.015512,-0.013264,-0.01269,,,,,,,,,,,,0.004284,-0.006775,-0.018031,-0.006667,-0.006352,-0.002374,-0.008798,-0.00918,-0.013125,,,,,,,,,,,,-0.000476,0.009622,-0.004852,-0.009427,-0.009706,-0.011096,-0.014663,-0.013692,-0.012627,,,,,,,,,,,,0.018563,-0.027902,-0.01496,-0.008731,-0.010308,-0.008717,-0.011278,-0.010133,-0.012278
AMATA.BK,-0.095607,-0.100604,-0.105546,-0.110433,-0.115268,-0.12005,-0.005417,-0.010735,-0.015998,0.006068,0.000773,-0.00066,-0.006368,-0.007088,-0.00951,-0.002175,-0.006261,-0.002004,-0.002856,-0.009645,-0.153747,-0.158422,-0.163046,-0.16762,-0.172144,-0.176618,-0.181045,-0.185425,-0.189758,-0.045101,-0.050127,-0.04369,-0.027315,-0.033159,-0.03708,-0.0231,-0.025571,-0.022695,-0.022,-0.021845,-0.276486,-0.280483,-0.284436,-0.288347,-0.292214,-0.29604,-0.12775,-0.132414,-0.137029,-0.047739,-0.052751,-0.046398,-0.033419,-0.032439,-0.036158,-0.017404,-0.018598,-0.01673,-0.015667,-0.018724,,,,0.023432,0.01787,0.012368,0.006925,-0.003651,-0.00895,-0.014194,-0.019382,-0.011871,-0.016056,-0.023585,-0.025239,-0.022914,-0.021147,-0.025334,-0.026465,-0.014929,,,,0.000278,-0.005158,-0.010536,-0.015856,-0.02557,-0.013649,-0.018868,-0.026934,-0.021633,-0.024423,-0.02988,-0.029625,-0.028516,-0.026219,-0.026633,-0.026005,-0.019042,,,,0.014171,0.008659,0.003207,-0.002187,-0.012418,-0.004452,-0.009719,-0.011869,-0.01984,-0.021586,-0.028399,-0.028326,-0.02925,-0.028374,-0.030563,-0.028731,-0.018495
AOT.BK,-0.089771,-0.0948,-0.099774,-0.104693,-0.109559,-0.114372,-0.119133,-0.081128,-0.086015,-0.049131,-0.054135,-0.040156,-0.038277,-0.04326,-0.03075,-0.027032,-0.014961,-0.007489,-0.012145,-0.008111,-0.085397,-0.09045,-0.095447,-0.10039,-0.105279,-0.110116,-0.1149,-0.091364,-0.096197,-0.064192,-0.069117,-0.063119,-0.06013,-0.065,-0.047913,-0.041578,-0.032495,-0.02604,-0.02197,-0.017777,-0.076648,-0.081749,-0.086794,-0.091785,-0.096721,-0.101603,-0.106433,-0.083575,-0.08845,-0.053769,-0.05875,-0.04926,-0.047474,-0.052409,-0.037289,-0.0324,-0.025664,-0.018625,-0.018949,-0.013819,,,0.005774,0.000278,-0.005158,-0.010536,-0.015856,-0.021118,-0.026325,-0.003213,0.00457,-0.00069,-0.005894,-0.002339,-0.006021,-0.012447,-0.017982,-0.006886,-0.001287,-0.004988,,,0.015087,0.00954,0.004053,-0.001374,-0.006743,-0.012055,-0.01731,-0.003275,0.002724,-0.002526,-0.007721,-0.01089,-0.013745,-0.011636,-0.016069,-0.014573,-0.010327,-0.01281,,,0.033712,0.028063,0.022476,0.016949,0.011482,0.006073,0.000721,0.011197,0.013552,0.008246,0.002994,0.001792,-0.004292,-0.006361,-0.012178,-0.010116,-0.007804,-0.010858
AP.BK,,,,,,,,,,,,,,,0.00238,-0.016666,-0.01926,-0.009674,-0.013704,-0.003437,,,,,,,,,,,,,0.023392,0.018089,-0.002331,0.001284,-0.006755,-0.007234,-0.011723,-0.004264,,,,,,,,,,,,,0.035575,0.030209,0.01057,0.006039,-0.011191,-0.00798,-0.011978,-0.004889,,,,,,,,,,,,-0.002156,0.008609,0.007491,-0.010701,-0.013023,-0.016539,-0.016405,-0.014657,-0.009177,,,,,,,,,,,,,0.016902,0.00162,0.000162,-0.008933,-0.010904,-0.011267,-0.010866,-0.009088,,,,,,,,,,,,,0.015635,0.00428,-0.014978,-0.015797,-0.020104,-0.019897,-0.016717,-0.009652
AURA.BK,,,,,,,,,,-0.016897,-0.014325,0.008514,0.003633,0.003163,0.002979,0.008357,0.002519,-0.003127,-0.011782,-0.007572,,,,,,,,,,-0.051033,-0.028014,-0.004798,-0.004075,-0.006342,-0.004943,0.003004,-0.006807,-0.012669,-0.011705,-0.008472,,,,,,,,,,-0.023724,-0.011142,0.003424,-0.000371,-0.002187,0.001344,0.009559,-0.005418,-0.010936,-0.013511,-0.010705,,,,,0.003201,-0.002221,-0.007586,-0.012893,-0.018143,-0.023339,-0.009508,-0.007852,-0.006846,-0.009881,-0.015325,-0.018572,-0.023836,-0.027421,-0.018171,-0.020291,,,,,-0.007318,-0.012684,-0.017992,-0.023243,-0.028439,-0.033579,-0.020332,-0.022816,-0.022243,-0.022464,-0.009696,-0.010886,-0.016124,-0.019682,-0.014181,-0.017242,,,,,0.006272,0.000832,-0.004548,-0.009872,-0.015138,-0.020349,-0.005509,-0.011757,-0.009288,-0.012587,-0.019096,-0.021716,-0.025661,-0.02964,-0.021858,-0.024073
AWC.BK,,,0.0069,0.001398,-0.004045,-0.046361,-0.051488,-0.05656,-0.061579,-0.066544,0.005002,-0.000259,-0.01566,-0.020107,-0.020985,-0.022908,-0.026967,-0.027689,-0.02906,-0.027094,,,0.001789,-0.003685,-0.0091,-0.052036,-0.057133,-0.062175,-0.067163,-0.072099,-0.015472,-0.020627,-0.039262,-0.037199,-0.035026,-0.027295,-0.030859,-0.026087,-0.027663,-0.025979,,,-0.003322,-0.008769,-0.014156,-0.029262,-0.034481,-0.039644,-0.044752,-0.049807,-0.004161,-0.009375,-0.030925,-0.032068,-0.031365,-0.023514,-0.027437,-0.024731,-0.026063,-0.023822,,,,,,,,,,,-0.031206,-0.00898,0.018976,0.005245,-0.018412,-0.026192,-0.028997,-0.025722,-0.029379,-0.025765,,,,,,,,,,,-0.031206,-0.002691,0.006401,0.003059,-0.014639,-0.026488,-0.030506,-0.02185,-0.025902,-0.022049,,,,,,,,,,,-0.021891,-0.005891,0.012518,0.006394,-0.013493,-0.025156,-0.028149,-0.019577,-0.023576,-0.019535
BA.BK,,,,,,,0.036404,0.004524,-0.000819,-0.006106,-0.004001,-0.0163,-0.007473,-0.010762,-0.015601,-0.003725,-0.005846,-0.010667,-0.017749,-0.012031,,,,,,,-0.008939,-0.041603,-0.046701,-0.051745,-0.036319,-0.038781,-0.014812,-0.015059,-0.018551,-0.013521,-0.015278,-0.020556,-0.023745,-0.019183,,,,,,,0.023449,-0.013388,-0.018636,-0.023829,-0.015492,-0.025445,-0.009366,-0.012154,-0.017688,-0.011292,-0.012866,-0.01781,-0.022908,-0.018411,0.014024,0.008421,0.002881,-0.0026,-0.00802,-0.013382,-0.018687,0.008812,0.0091,0.001609,-0.003662,-0.009241,-0.017586,-0.025363,-0.028989,-0.0313,-0.018849,-0.021746,-0.019156,-0.013445,0.014024,0.008421,0.002881,-0.0026,-0.00802,-0.013382,-0.018687,-0.001674,0.002147,-0.004897,-0.010135,-0.012183,-0.009574,-0.017389,-0.005752,-0.006548,-0.011378,-0.015497,-0.015713,-0.0159,0.014024,0.008421,0.002881,-0.0026,-0.00802,-0.013382,-0.018687,0.005316,-0.000455,-0.009438,-0.014651,-0.01835,-0.016969,-0.019097,-0.005504,-0.008678,-0.012565,-0.016645,-0.019067,-0.017828
BAM.BK,,,,,,,,,,0.015873,0.035877,0.00997,0.00471,-0.010826,-0.016302,-0.017766,-0.012498,-0.014451,-0.017416,-0.016855,,,,,,,,,,0.007407,-0.017176,-0.027351,-0.032417,-0.019429,-0.024765,-0.025558,-0.025709,-0.028368,-0.029545,-0.027317,,,,,,,,,,0.015873,-0.016279,-0.02831,-0.033371,-0.015478,-0.022778,-0.024164,-0.022481,-0.024049,-0.027127,-0.023166,,,,,,,,0.014672,0.009275,0.003934,0.00334,-0.000941,-0.002809,0.000693,-0.002912,-0.007639,-0.011198,-0.008358,-0.01202,-0.013531,,,,,,,-0.002038,-0.002213,-0.00752,-0.012771,-0.014292,-0.018232,-0.023062,-0.017002,-0.020616,-0.023551,-0.02404,-0.020115,-0.018966,-0.020275,,,,,,,-0.016094,-0.010601,-0.015864,-0.021071,-0.024332,-0.02469,-0.029264,-0.016429,-0.020478,-0.022673,-0.024489,-0.015679,-0.016381,-0.017648
BANPU.BK,,,,,,,,,,,0.020434,0.013041,-0.012106,-0.014326,-0.024824,-0.015173,-0.019836,-0.023628,-0.014802,-0.018686,,,,,,,,,,,0.011241,0.014531,-0.010067,-0.016338,-0.016853,-0.007196,-0.012146,-0.008066,-0.007255,-0.013389,,,,,,,,,,,0.006664,0.0091,-0.017102,-0.020947,-0.027691,-0.014594,-0.019443,-0.01267,-0.010167,-0.014871,-0.030132,-0.03549,-0.04079,0.003272,-0.00218,-0.007574,-0.01291,-0.018188,-0.023411,-0.028578,-0.03369,-0.036196,-0.033302,-0.038311,-0.025678,-0.038623,-0.041924,-0.017419,-0.018308,-0.021215,0.016949,0.011331,0.005774,0.013694,0.008185,0.002735,-0.002656,-0.007989,-0.013266,-0.018487,-0.023653,-0.035332,-0.034792,-0.039794,-0.024284,-0.033072,-0.036443,-0.016833,-0.014484,-0.017486,-0.001883,-0.007398,-0.012852,0.004432,-0.001027,-0.006427,-0.011768,-0.017053,-0.022281,-0.027455,-0.032573,-0.0398,-0.035991,-0.040986,-0.028946,-0.035628,-0.03868,-0.019667,-0.018946,-0.022083
BBL.BK,,,,,,,,,,,,,,,,-0.037524,-0.01152,-0.002658,-0.010361,-0.01047,,,,,,,,,,,,,,,,-0.046204,-0.012298,0.001638,-0.003283,-0.006492,,,,,,,,,,,,,,,,-0.060672,-0.016992,-0.000491,-0.004987,-0.008271,,,,,,,,,,,,,,,,-0.012915,-0.015324,-0.017522,-0.013096,-0.014453,,,,,,,,,,,,,,,,-0.012727,-0.009377,-0.012571,-0.008069,-0.009394,,,,,,,,,,,,,,,,-0.007655,-0.010656,-0.013793,-0.009961,-0.011302
BCH.BK,,,,,,,,-0.026369,-0.031548,-0.036672,-0.041742,-0.010977,-0.001679,-0.016129,-0.019193,-0.021597,-0.017311,-0.01478,-0.020303,-0.01963,,,,,,,,-0.033745,-0.038885,-0.04397,-0.049002,-0.015762,-0.008917,-0.014994,-0.023084,-0.027397,-0.024216,-0.017936,-0.022541,-0.021109,,,,,,,,-0.041121,-0.046222,-0.051268,-0.056261,-0.018128,-0.003347,-0.022862,-0.025406,-0.027734,-0.023792,-0.020858,-0.025384,-0.023737,,,,,,,0.03659,0.031047,0.020527,0.009595,-0.004225,-0.009438,-0.013078,-0.022435,-0.025267,-0.02635,-0.026281,-0.021079,-0.024053,-0.022481,,,,,,,-0.048503,-0.053591,-0.024346,-0.015663,-0.021015,-0.026141,-0.019396,-0.023089,-0.028152,-0.028223,-0.024546,-0.019703,-0.022807,-0.021075,,,,,,,0.028854,0.023352,0.017466,0.009387,-0.004432,-0.009644,-0.013363,-0.018138,-0.023509,-0.027409,-0.027854,-0.021651,-0.02463,-0.023774
BCP.BK,,,,,,,,,,0.073248,0.0676,0.037846,0.032441,0.01789,0.009819,0.002874,-0.008771,-0.014664,-0.019677,-0.023073,,,,,,,,,,0.067911,0.062291,0.023193,0.017864,0.009613,-0.003158,-0.006385,-0.005548,-0.010156,-0.014655,-0.014627,,,,,,,,,,0.06984,0.06421,0.029766,0.024403,0.015065,0.003185,-0.002285,-0.003182,-0.009755,-0.014468,-0.015187,,,,,,,,-0.04566,-0.050736,-0.007177,-0.000272,-0.005507,-0.010686,0.00109,-0.000763,0.000894,-0.009271,-0.00636,-0.010489,-0.013768,,,,,,,,0.003702,-0.001637,-0.016351,-0.003969,-0.009184,-0.014344,-0.010531,-0.010116,-0.012965,-0.006918,-0.007187,-0.010568,-0.012196,,,,,,,,-0.029206,-0.03437,-0.011635,-0.010389,-0.01557,-0.020698,-0.006323,-0.004607,-0.006776,-0.009362,-0.006155,-0.009947,-0.014059
BCPG.BK,,,,,,,,,,0.110862,0.049238,0.057022,0.055237,0.052513,0.002558,-0.001258,-0.006397,-0.003474,-0.014923,-0.019216,,,,,,,,,,0.084492,0.033499,0.043798,0.039916,0.034367,-0.005977,-0.011067,-0.01223,-0.008652,-0.018128,-0.022426,,,,,,,,,,0.097558,0.028634,0.04385,0.04453,0.040668,-0.001917,-0.007708,-0.00723,-0.007316,-0.019108,-0.026009,,,,,0.057312,0.051597,0.045943,0.04035,0.019356,0.013963,-0.005129,-0.012627,-0.016539,-0.023932,-0.03021,-0.035821,-0.027159,-0.018801,-0.012977,-0.017186,,,,,-0.001976,-0.007371,-0.012708,-0.017987,-0.020895,-0.026076,-0.02106,-0.022453,-0.025348,-0.027664,-0.029892,-0.019027,-0.015439,-0.013473,-0.016696,-0.019302,,,,,0.017787,0.012285,0.006843,0.001458,-0.007478,-0.01273,-0.012099,-0.013822,-0.013573,-0.019125,-0.022958,-0.024299,-0.020833,-0.012112,-0.017363,-0.021567
BDMS.BK,,,,,,,,,,,,,,,-0.008637,-0.00834,-0.015652,-0.008714,-0.027882,-0.020052,,,,,,,,,,,,,,,0.007944,0.001499,-0.003578,0.003216,-0.015572,-0.013426,,,,,,,,,,,,,,,0.003725,0.000774,-0.003766,0.000797,-0.018897,-0.015113,,,,,,,,,,0.048218,0.042701,0.037242,0.03184,-0.009823,-0.024419,-0.025516,-0.027918,-0.018823,-0.013263,-0.011441,,,,,,,,,,0.018269,0.01291,0.007606,0.002358,-0.002954,-0.011143,-0.015043,-0.021191,-0.016835,-0.012909,-0.009431,,,,,,,,,,0.038235,0.032771,0.027364,0.022013,0.000957,-0.012497,-0.015962,-0.01944,-0.01462,-0.008434,-0.0083
BEM.BK,,,,,,,,,,0.007764,0.00246,-0.000926,-0.00613,-0.003599,-0.007396,-0.018452,-0.023661,-0.02307,-0.026457,-0.015923,,,,,,,,,,-0.00327,-0.008516,-0.000818,-0.006022,-0.007365,-0.010767,-0.014526,-0.018996,-0.019807,-0.022145,-0.009176,,,,,,,,,,0.007764,0.00246,0.00092,-0.004293,-0.005075,-0.008717,-0.021294,-0.025443,-0.021373,-0.023913,-0.013658,,,,,,,,,-0.037051,-0.037601,-0.033082,-0.038145,-0.04365,-0.024347,-0.019053,-0.008076,-0.010229,-0.018949,-0.022832,-0.011325,,,,,,,,,-0.02788,-0.031098,-0.026753,-0.031849,-0.028826,-0.019856,-0.013817,-0.001493,-0.004542,-0.005654,-0.008874,-0.010658,,,,,,,,,-0.009538,-0.012268,-0.014266,-0.019427,-0.023898,-0.019668,-0.011979,-0.005631,-0.008515,-0.012553,-0.016082,-0.009006
BGRIM.BK,,,,,,-0.033218,-0.038416,0.021968,0.004427,-0.000887,0.020425,0.002981,-0.000296,0.005798,-0.004899,-0.030245,-0.024328,0.001919,-0.005609,-0.009752,,,,,,-0.023693,-0.028942,-0.018258,-0.022704,-0.027875,-0.008824,-0.017729,-0.020114,-0.020336,-0.019081,-0.016863,-0.017659,-0.009961,-0.013875,-0.015389,,,,,,-0.023693,-0.028942,-0.009271,-0.022877,-0.028047,0.009884,-0.007276,-0.011146,-0.010741,-0.015825,-0.020974,-0.019345,-0.000965,-0.008806,-0.013074,,,0.029788,0.024161,0.018595,0.013089,0.007642,0.002254,0.009551,0.00421,-0.012862,-0.009472,0.025617,0.02409,0.008143,0.007585,-0.001686,-0.002291,-0.008265,-0.01173,,,0.022877,0.017287,0.011758,0.006289,0.000879,-0.004473,0.000168,-0.005124,0.000779,-0.004133,-0.00262,-0.004541,-0.0043,-0.008442,-0.007171,-0.010571,-0.016119,-0.013666,,,0.022877,0.017287,0.011758,0.006289,0.000879,-0.004473,0.008055,0.002721,0.000508,-0.000545,0.011335,0.008052,0.002631,-0.00077,-0.004668,-0.005223,-0.011888,-0.014799
BH.BK,,,,,,,,,,,,,,-0.021301,-0.024238,-0.026754,-0.016033,-0.011911,-0.011635,-0.013284,,,,,,,,,,,,,,-0.034385,-0.017395,-0.004997,-0.012189,-0.009053,-0.011368,-0.013459,,,,,,,,,,,,,,-0.023918,-0.016104,-0.032276,-0.018693,-0.009218,-0.012625,-0.015163,,,,,,,,,,,-0.015463,-0.020618,-0.053301,-0.060729,-0.05231,-0.024164,-0.014563,-0.019637,-0.016747,-0.017697,,,,,,,,,,,0.004398,-0.000861,-0.004083,-0.012268,-0.006157,-0.008276,-0.013858,-0.015469,-0.012323,-0.013899,,,,,,,,,,,-0.026812,-0.031908,-0.019525,-0.021184,-0.00598,-0.012176,-0.011474,-0.018734,-0.016419,-0.017337
BJC.BK,,,,,,,,,,,,-0.08242,-0.019906,-0.003739,-0.009119,-0.022317,-0.015718,0.007167,-0.00406,-0.008123,,,,,,,,,,,,-0.044638,-0.0182,-0.005054,-0.012007,-0.022296,-0.011573,-0.00224,-0.010025,-0.014138,,,,,,,,,,,,-0.066228,-0.03048,-0.018125,-0.021943,-0.02904,-0.014465,-0.001701,-0.009769,-0.013923,,,,,,,,,,,,-0.014475,-0.014225,-0.009837,-0.015762,-0.012187,-0.000994,-0.007151,-0.005762,-0.009617,,,,,,,,,,,,-0.018875,-0.005685,-0.009453,-0.013046,-0.010613,-0.006332,-0.008416,-0.011502,-0.015185,,,,,,,,,,,,-0.014475,-0.012981,-0.007814,-0.013268,-0.010667,-0.005218,-0.00718,-0.009845,-0.01367
BLA.BK,,,,,,-0.002079,-0.007444,-0.043719,-0.048806,-0.029803,-0.02673,-0.021129,-0.019323,-0.013469,-0.014878,-0.001156,-0.00408,-0.020443,-0.015892,-0.012524,,,,,,0.014553,0.009098,-0.029483,-0.034646,-0.022631,-0.02138,-0.019717,-0.025546,-0.023866,-0.027583,-0.002513,-0.002333,-0.014254,-0.015612,-0.01474,,,,,,-0.018711,-0.023987,-0.066967,-0.07193,-0.045138,-0.0368,-0.024941,-0.024019,-0.020771,-0.021528,-0.003066,0.002992,-0.012923,-0.013652,-0.012105,,,,,,,-0.019355,-0.024599,-0.029787,-0.034921,-0.04,0.009544,0.008064,0.002363,-0.019571,-0.024992,-0.01129,-0.01446,-0.019404,-0.015682,,,,,,,-0.036559,-0.041711,-0.046809,-0.051852,-0.056842,-0.013218,-0.007254,-0.00845,-0.019897,-0.022724,-0.019331,-0.0166,-0.018576,-0.014269,,,,,,,-0.002151,-0.007487,-0.012766,-0.017989,-0.023158,0.013392,0.005262,0.001236,-0.019449,-0.023511,-0.010924,-0.013157,-0.018855,-0.015154
BTG.BK,,,,,,,,,,,-0.031579,-0.018962,0.005149,0.006518,0.005545,0.009753,0.005095,0.000449,-0.012076,-0.01565,,,,,,,,,,,-0.026316,-0.018545,-0.001567,-0.00839,-0.007759,-0.011612,-0.015018,-0.014095,-0.015457,-0.020125,,,,,,,,,,,-0.042105,-0.026398,-0.000308,-0.003853,-0.0033,-0.004823,-0.008843,-0.009425,-0.012511,-0.017806,,,,,,,,,,,0.005639,0.000374,-0.004836,-0.004058,-0.007931,-0.016531,-0.02002,-0.021355,-0.00742,-0.010215,,,,,,,,,,,0.005639,0.000374,-0.004836,-0.007353,-0.010661,-0.013138,-0.016219,-0.01548,-0.010592,-0.013045,,,,,,,,,,,-0.003759,-0.008975,-0.014137,-0.005331,-0.008103,-0.014792,-0.016572,-0.019033,-0.011581,-0.012496
BTS.BK,,0.114181,0.108059,0.102004,0.096015,0.09009,0.084229,0.039052,0.043627,0.034634,0.029189,0.021654,-4.9e-05,-0.019217,-0.024454,-0.02464,-0.030638,-0.033664,-0.027039,-0.029919,,0.095764,0.089744,0.083789,0.077899,0.072072,0.066308,0.041053,0.029669,0.021794,0.016416,0.008084,-0.014468,-0.020375,-0.024036,-0.017016,-0.022148,-0.023244,-0.019469,-0.024416,,,,,,,,0.03023,0.039705,0.034112,0.02867,0.018602,-0.015924,-0.024896,-0.028615,-0.019981,-0.024841,-0.027582,-0.023925,-0.027546,,,,,,0.062115,0.056404,0.050755,0.045166,0.039636,0.034164,0.008577,0.020058,0.024372,0.017285,0.011039,-0.012111,-0.01554,-0.020083,-0.022673,,,,,,0.043148,0.03754,0.031992,0.026502,0.021071,0.015697,0.009178,0.003978,0.001589,0.000461,-0.004453,-0.015146,-0.019912,-0.017435,-0.014574,,,,,,0.062115,0.056404,0.050755,0.045166,0.039636,0.034164,0.023256,0.011644,0.006275,0.002578,-0.000643,-0.015565,-0.020936,-0.020151,-0.019258
CBG.BK,,,,,,,,,,-0.102419,-0.107143,-0.054375,-0.0593,0.001745,-0.005981,-0.004539,-0.008798,-0.056198,-0.029159,-0.021619,,,,,,,,,,-0.074074,-0.078947,-0.034983,-0.040009,-0.012494,-0.014354,-0.00975,-0.01965,-0.03853,-0.023013,-0.021488,,,,,,,,,,-0.059902,-0.06485,-0.030351,-0.035401,0.00803,0.00096,0.002721,-0.010626,-0.05295,-0.03076,-0.026262,,,,0.069357,0.010895,0.005431,-0.006766,-0.012077,-0.017332,-0.024885,-0.027311,-0.032404,-0.023474,-0.025231,-0.029685,-0.031965,-0.023173,-0.025386,-0.038792,-0.03367,,,,-0.007986,-0.012253,-0.017592,-0.01626,-0.02152,-0.026725,-0.026439,-0.028416,-0.033503,-0.02263,-0.038091,-0.042544,-0.044962,-0.029874,-0.032318,-0.032496,-0.028733,,,,0.04918,0.017181,0.011683,0.009419,0.004021,-0.00132,-0.010663,-0.014697,-0.019856,-0.022511,-0.042714,-0.047909,-0.049193,-0.029483,-0.032932,-0.038815,-0.035637
CCET.BK,,-0.022524,-0.012657,-0.018052,-0.023389,0.036207,0.030636,-0.012787,-0.027537,-0.024451,-0.011329,-0.015564,-0.017227,-0.019708,-0.012295,0.027285,0.014753,-0.012545,-0.017444,-0.015744,,-0.0119,-0.025657,-0.030981,-0.036247,0.005895,0.000487,-0.016099,-0.024414,-0.023555,-0.012968,-0.024428,-0.0218,-0.0273,-0.025389,0.030288,0.012345,-0.009041,-0.012122,-0.01314,,-0.033149,-0.028885,-0.034192,-0.039441,0.011381,0.005944,-0.015051,-0.023502,-0.023371,-0.012852,-0.0237,-0.021696,-0.025116,-0.024016,0.011637,0.001398,-0.019506,-0.022791,-0.022302,,,,,,-0.004037,-0.009392,-0.014689,0.028813,0.004794,0.003745,0.009396,0.004139,-0.005377,-0.013676,0.032866,0.011367,0.004664,0.000102,-0.012135,,,,,,0.007925,0.002506,-0.002855,0.003814,0.000268,-0.00349,-0.006271,-0.011447,-0.014824,-0.0186,0.027272,0.010693,-0.001038,-0.005588,-0.01111,,,,,,0.020862,0.015374,0.009944,0.004572,-0.018748,-0.011697,-0.006824,-0.011997,-0.015798,-0.022001,0.020415,0.005588,-0.002055,-0.006144,-0.015213
CENTEL.BK,,,,,,,0.022387,0.016919,0.01151,0.032083,0.015405,0.018059,0.009583,0.006565,-0.001162,-0.008931,-0.005678,-0.009004,-0.014601,-0.013148,,,,,,,0.013573,0.008153,0.00279,0.009938,-0.001601,-0.016229,-0.020641,-0.023481,-0.028202,-0.03055,-0.020525,-0.024129,-0.029195,-0.020095,,,,,,,0.013573,0.008153,0.00279,0.017699,0.007917,0.005706,0.000468,-0.004668,-0.011029,-0.018501,-0.005485,-0.009042,-0.014349,-0.013627,,,,,,,,,,0.013055,-0.003038,-0.009431,-0.014309,-0.016156,-0.024811,-0.026662,-0.029715,-0.017864,-0.02113,-0.009433,,,,,,,,,,-0.00843,-0.011587,-0.010487,-0.014648,-0.019449,-0.034101,-0.036001,-0.039656,-0.020582,-0.0237,-0.016321,,,,,,,,,,0.013801,0.001972,0.000304,-0.001391,-0.007141,-0.028906,-0.031274,-0.03532,-0.017598,-0.020964,-0.011728
CHG.BK,,,,,,,,,0.204115,0.076887,0.04423,0.025364,0.010979,0.00038,-0.003575,0.006444,0.000696,0.003249,-0.008082,-0.012329,,,,,,,,,0.192425,0.071073,0.045573,0.019768,-0.002819,-0.007429,-0.013446,-0.015315,-0.019885,-0.018593,-0.015518,-0.015616,,,,,,,,,0.180734,0.068907,0.044137,0.015853,-0.001735,-0.009867,-0.015267,-0.003213,-0.012065,-0.008268,-0.012766,-0.01434,0.096394,0.090337,0.084346,0.078421,0.07256,0.066762,0.061027,0.055353,0.049739,0.031597,-0.026538,-0.020014,-0.023663,-0.025493,-0.026289,-0.01008,-0.01357,-0.016681,-0.008837,-0.013272,0.030169,0.024478,0.018849,0.013281,0.007774,0.002327,-0.003062,-0.008393,-0.013668,-0.009737,-0.004374,-0.007149,-0.018771,-0.023103,-0.027045,-0.015899,-0.019557,-0.022847,-0.011379,-0.013065,0.059603,0.053748,0.047959,0.042232,0.036568,0.030965,0.025422,0.019938,0.014513,0.009145,-0.001906,-0.009094,-0.020681,-0.026354,-0.028889,-0.012202,-0.015985,-0.018509,-0.007407,-0.011851
CK.BK,0.234568,0.227747,0.221001,0.214329,0.207729,0.201201,0.194743,0.188354,0.093381,0.087596,0.069047,0.06345,0.022111,0.010723,0.013638,0.008198,-0.006308,-0.031453,-0.037437,-0.014886,0.152263,0.145897,0.139601,0.133374,0.127214,0.121121,0.115094,0.109131,0.039204,0.033706,0.013066,0.007762,0.003265,-0.002763,-0.00708,-0.00913,-0.011652,-0.014141,-0.008823,-0.006094,0.193416,0.186822,0.180301,0.173852,0.167472,0.161161,0.154918,0.148742,0.069986,0.064325,0.028375,0.02299,0.010427,0.002017,0.002699,0.000437,-0.00588,-0.005566,-0.011157,-0.007797,,,,-0.028537,-0.033816,-0.039039,-0.011202,-0.016489,-0.021721,0.017799,0.007687,0.002411,0.020638,0.022661,0.021832,0.010487,0.006975,-0.012563,-0.019537,-0.023299,,,,-0.057681,-0.062802,-0.067868,-0.028509,-0.033704,-0.038844,-0.013152,-0.012115,-0.017287,-0.000951,-0.001059,-0.003803,-0.007561,-0.009837,-0.005733,-0.014531,-0.017759,,,,-0.052823,-0.057971,-0.063063,-0.026119,-0.031327,-0.03648,-0.005052,-0.010289,-0.01547,0.006915,0.007973,0.007304,0.001449,-0.000716,-0.00834,-0.015949,-0.018586
COM7.BK,,0.040845,0.035126,0.029469,0.023874,0.01834,0.012865,0.008924,0.003557,-0.001752,-0.007006,-0.014442,-0.021892,-0.02306,-0.020951,-0.029876,-0.034561,-0.015764,-0.019314,-0.017979,,0.035912,0.03022,0.02459,0.019022,0.013514,0.008065,-0.047208,-0.052276,-0.05729,-0.062252,-0.047935,-0.046381,-0.03886,-0.037714,-0.042108,-0.045601,-0.018714,-0.02267,-0.020372,,,,,,,,-0.102464,-0.107238,-0.111962,-0.116636,-0.065371,-0.042158,-0.029547,-0.024758,-0.029893,-0.03397,-0.018274,-0.021788,-0.019089,-0.011338,-0.0168,-0.022202,-0.027545,-0.032831,-0.038058,-0.04323,-0.048347,-0.017139,0.015383,-0.005419,-0.015976,-0.012587,-0.027777,-0.027183,-0.029847,-0.013105,-0.007904,-0.012329,-0.018908,-0.029478,-0.03484,-0.040143,-0.045389,-0.050577,-0.055709,-0.060786,-0.065808,-0.036998,-0.00427,-0.011685,-0.011428,-0.014638,-0.002007,-0.003249,-0.007351,-0.004729,-0.008719,-0.012889,-0.017054,0.011338,0.00575,0.000224,-0.005241,-0.010648,-0.015996,-0.021286,-0.02652,-0.019693,0.005542,-0.001985,-0.011812,-0.010298,-0.021636,-0.023819,-0.026659,-0.013339,-0.008096,-0.012185,-0.017418
CPALL.BK,,,,,,,-0.090157,-0.095023,-0.099836,-0.028768,-0.024083,-0.029192,-0.014102,-0.015479,-0.020554,-0.014968,-0.012079,-0.009964,-0.006193,-0.00237,,,,,,,-0.002579,-0.007913,-0.01319,-0.005168,-0.002992,-0.008212,-0.00312,-0.00779,-0.012905,-0.010962,-0.013101,-0.020831,-0.010814,-0.00596,,,,,,,-0.041502,-0.046628,-0.051699,-0.010397,-0.011899,-0.017073,-0.009731,-0.013052,-0.018139,-0.015247,-0.016235,-0.019158,-0.008992,-0.005869,,,,,,,,,,,,-0.010316,-0.015471,-0.021826,-0.020406,-0.024442,-0.024282,-0.025167,-0.007795,-0.012105,,,,,,,,,,,,0.011775,0.006505,0.024946,-0.004408,-0.012127,-0.01782,-0.02087,-0.004393,-0.009397,,,,,,,,,,,,0.002938,-0.002286,0.001464,-0.009472,-0.014449,-0.017798,-0.020665,-0.003722,-0.010694
CPF.BK,,,,,,,,,,,,-0.042359,-0.047347,-0.031628,-0.024529,-0.026386,-0.022288,-0.026527,-0.024161,-0.026989,,,,,,,,,,,,-0.0168,-0.021921,-0.026989,-0.015776,-0.017131,-0.01172,-0.019887,-0.016237,-0.017571,,,,,,,,,,,,-0.014971,-0.020102,-0.011612,-0.014353,-0.015749,-0.015367,-0.021259,-0.018943,-0.020489,,,,,,,,,,,,-0.04014,-0.045139,-0.011891,-0.01605,-0.011434,-0.004593,-0.008756,-0.019117,-0.014049,,,,,,,,,,,,-0.001357,-0.006559,0.002318,0.000482,-0.009034,-0.007779,-0.006283,-0.013495,-0.011944,,,,,,,,,,,,0.00349,-0.001736,0.009698,-0.006093,-0.015509,-0.007526,-0.009233,-0.013497,-0.010373
CPN.BK,,,,,,,,,,0.042865,0.037376,0.031945,0.046376,0.034313,0.024581,0.023262,0.020644,-0.001193,-0.005729,-0.01005,,,,,,,,,,0.037753,0.032291,0.026886,0.02396,0.016984,0.00957,0.004626,0.001886,-0.007078,-0.009001,-0.010971,,,,,,,,,,0.042865,0.037376,0.031945,0.029857,0.021195,0.010583,0.007144,0.004328,-0.006276,-0.007524,-0.009822,,,,,,,,,,-0.022832,-0.027975,-0.033064,-0.01575,-0.009997,-0.01531,-0.018168,-0.021309,-0.016139,-0.009653,-0.01069,,,,,,,,,,-0.008532,-0.013751,-0.018914,-0.016861,-0.015303,-0.013403,-0.012623,-0.015746,-0.013655,-0.010064,-0.010717,,,,,,,,,,-0.008532,-0.013751,-0.018914,-0.016861,-0.018182,-0.015657,-0.016775,-0.019724,-0.014697,-0.01065,-0.010339
CRC.BK,,,,,,,0.075269,0.069519,0.06383,0.058201,0.018826,0.000133,-0.015771,-0.01643,0.045468,0.005779,-0.005811,-0.006936,-0.011676,-0.014388,,,,,,,0.006843,0.001458,-0.003868,-0.009139,0.003209,-0.000869,-0.016667,-0.015983,0.031478,0.007315,-0.006312,-0.005386,-0.010652,-0.014035,,,,,,,0.036168,0.030627,0.025145,0.019721,0.014176,0.004516,-0.012701,-0.018479,0.034505,0.021859,0.004537,-0.00055,-0.005037,-0.010165,,,,-0.020162,-0.025487,-0.030755,-0.035966,-0.041121,-0.039921,-0.045001,-0.01576,-0.019179,-0.024287,-0.020037,-0.013412,-0.016557,-0.018592,-0.020178,-0.013763,-0.016422,,,,-0.020162,-0.025487,-0.030755,-0.035966,-0.041121,-0.039921,-0.045001,-0.027906,-0.02532,-0.030396,-0.027054,-0.021661,-0.026841,-0.026422,-0.029518,-0.011818,-0.013313,,,,-0.029584,-0.034858,-0.040075,-0.045235,-0.050341,-0.048567,-0.053601,-0.022218,-0.023726,-0.028811,-0.021428,-0.013593,-0.018401,-0.027037,-0.028775,-0.001503,-0.007553
DELTA.BK,-0.025955,-0.082482,-0.087523,-0.09251,-0.097442,-0.10232,-0.107146,-0.053427,-0.042869,-0.035478,-0.005852,-0.002414,0.011114,-0.01289,0.045841,0.036561,0.03295,0.01264,0.025094,0.012363,-0.011374,0.004688,-0.000832,-0.006292,-0.011693,-0.017035,-0.02232,-0.023713,-0.022179,-0.013511,-0.021024,-0.021383,-0.016062,-0.031186,-0.011166,-0.014504,-0.015414,-0.012436,0.01017,0.000348,-0.034704,-0.020812,-0.026192,-0.031513,-0.036777,-0.041984,-0.047134,-0.031499,-0.02936,-0.015876,-0.013607,-0.014202,-0.007612,-0.022475,-0.001371,-0.006096,-0.009177,-0.011705,0.016255,0.004254,0.075612,0.06967,0.063792,0.057979,0.052229,0.046542,0.040915,0.028031,0.022563,0.02094,0.024094,0.032943,0.026481,0.021162,0.014855,0.015963,0.014074,0.009895,0.005047,0.010599,-0.013305,-0.018757,-0.024148,-0.029481,-0.034755,-0.039973,-0.045134,-0.021155,-0.026362,-0.02541,-0.011122,-0.000191,-0.00492,-0.010076,-0.010569,-0.012318,-0.015194,-0.005629,-0.005741,-0.007096,-0.043062,-0.048349,-0.053578,-0.058749,-0.063865,-0.068925,-0.073931,-0.050542,-0.055592,-0.037367,-0.011102,0.013657,0.013581,0.008329,0.00621,0.004339,0.001568,0.001011,0.000229,-0.001756
DOHOME.BK,,,,-0.04438,-0.029147,-0.034395,-0.039587,-0.037088,-0.020798,-0.024229,-0.029365,-0.039128,-0.022904,-0.025096,-0.029926,-0.020825,-0.005444,-0.015176,-0.015319,-0.016974,,,,0.003498,0.024895,0.019355,0.013874,-0.001856,-0.015731,-0.020494,-0.025649,-0.029484,0.013246,0.011368,0.003612,-0.004147,-0.003616,-0.013348,-0.013521,-0.013756,,,,-0.016371,-0.021717,-0.027005,-0.032236,-0.029668,-0.019132,-0.023331,-0.028471,-0.035059,0.019376,0.017947,0.011412,0.003978,0.000868,-0.011953,-0.01187,-0.013368,,,,,,-0.005396,0.028549,0.036537,0.022536,0.005444,0.000152,-0.000332,-0.018607,-0.021493,-0.010475,-0.014059,-0.015398,-0.017976,-0.021881,-0.027541,,,,,,-0.027594,-0.051261,-0.045145,-0.042707,-0.035289,-0.040366,-0.037208,-0.026474,-0.025114,-0.027473,-0.028533,-0.014275,-0.010757,-0.012926,-0.019532,,,,,,-0.005396,-0.003077,0.008576,-0.006387,-0.014148,-0.019337,-0.019661,-0.015654,-0.01731,-0.021848,-0.024077,-0.007129,-0.011325,-0.0173,-0.024537
EA.BK,-0.039683,-0.044988,-0.010942,-0.016347,-0.021692,-0.018687,-0.023963,-0.029182,-0.056416,-0.057731,-0.056494,-0.057177,-0.054086,-0.062858,-0.054931,-0.056074,0.007968,0.008589,-0.004133,-0.008088,-0.063492,-0.068666,0.004713,-0.000777,-0.006208,-0.004407,-0.002965,-0.008297,-0.013193,-0.019183,-0.020349,-0.022229,-0.026205,-0.031189,-0.036788,-0.039426,-0.025743,-0.025294,-0.029444,-0.031492,-0.079365,-0.084451,-0.001287,-0.006744,-0.012143,-0.01097,-0.007794,-0.0131,-0.032272,-0.033552,-0.035274,-0.036084,-0.041013,-0.047036,-0.048812,-0.050502,-0.027852,-0.022416,-0.025954,-0.028083,-0.048471,-0.036059,-0.041355,-0.031189,-0.035395,-0.025865,-0.020084,-0.026555,-0.033791,-0.036799,-0.03034,-0.034919,-0.002726,-0.002856,-0.007143,-0.009912,-0.008154,-0.002829,-0.006243,-0.012506,-0.086489,-0.068832,-0.073949,-0.049141,-0.052045,-0.037578,-0.037738,-0.033772,-0.037836,-0.040173,-0.037989,-0.036891,-0.025842,-0.027005,-0.030602,-0.033239,-0.026842,-0.030721,-0.032961,-0.031962,-0.138127,-0.114553,-0.119418,-0.082442,-0.078045,-0.057895,-0.053676,-0.047197,-0.049682,-0.053562,-0.0548,-0.055392,-0.020109,-0.019024,-0.022904,-0.023436,-0.024635,-0.028726,-0.030873,-0.031991
EGCO.BK,,,,,,,,,,,,,,,-0.041102,-0.024773,-0.006201,-0.011939,-0.014865,-0.004653,,,,,,,,,,,,,,,-0.044495,-0.028343,-0.010703,-0.013757,-0.015631,-0.014585,,,,,,,,,,,,,,,-0.039931,-0.016076,-0.004486,-0.014876,-0.016478,-0.013767,,,,,,,,,,,,,-0.016393,-0.02149,-0.013052,8.3e-05,-0.005497,-0.00849,0.009398,-0.004268,,,,,,,,,,,,,0.004098,-0.001104,-0.002087,-0.014589,-0.0159,-0.019742,-0.014827,-0.016003,,,,,,,,,,,,,-0.009563,-0.014695,-0.000321,-0.019176,-0.019079,-0.023333,-0.013752,-0.014284
ERW.BK,,,0.065601,0.059778,0.054018,0.048321,0.042685,0.046508,0.040941,0.035434,0.029984,0.023562,0.012758,0.001961,-0.005492,-0.009592,-0.015536,-0.012837,-0.01715,-0.018481,,,0.015651,0.010101,0.004611,-0.000819,-0.006191,-0.011181,-0.016441,-0.021645,-0.026794,-0.020763,-0.023969,-0.034242,-0.037436,-0.037628,-0.022949,-0.020818,-0.024835,-0.023982,,,0.032301,0.02666,0.02108,0.015561,0.010101,0.012802,0.007415,0.002084,-0.00319,-0.003955,-0.009004,-0.022146,-0.027264,-0.03496,-0.022896,-0.01973,-0.023818,-0.026545,,,,,0.010679,0.005216,-0.000189,-0.005535,0.037492,0.013878,0.003052,-0.004451,-0.014083,-0.008908,-0.015737,-0.014194,-0.018636,-0.001969,-0.006478,-0.01252,,,,,0.004322,-0.001106,-0.006477,-0.01179,-0.002984,-0.004011,-0.014766,-0.020549,-0.02211,-0.017311,-0.018432,-0.020437,-0.021095,-0.014613,-0.018007,-0.015806,,,,,0.004322,-0.001106,-0.006477,-0.01179,0.018996,0.014146,-0.009568,-0.013147,-0.017059,-0.012593,-0.024807,-0.02368,-0.023209,-0.011973,-0.016261,-0.018363
GLOBAL.BK,-0.125604,-0.130435,-0.135213,-0.04332,-0.048519,-0.056385,-0.061458,-0.075527,-0.080444,-0.08531,-0.090124,-0.08968,-0.065063,-0.061248,-0.060063,-0.061067,-0.018803,-0.012994,-0.013044,-0.016199,-0.091787,-0.096805,-0.101768,-0.050447,-0.055608,-0.039308,-0.044473,-0.050083,-0.055136,-0.060135,-0.065082,-0.050617,-0.043953,-0.032076,-0.036924,-0.038772,-0.008608,-0.010719,-0.011299,-0.011697,-0.101449,-0.106414,-0.111323,-0.0354,-0.040643,-0.025395,-0.030635,-0.052067,-0.057109,-0.062098,-0.067034,-0.059329,-0.045245,-0.033639,-0.039454,-0.039976,-0.006436,-0.006097,-0.007959,-0.011107,,,,,-0.025487,-0.030755,0.030404,-0.010946,-0.030014,-0.028222,-0.029675,-0.027638,-0.023539,-0.0187,-0.023758,-0.05345,-0.037625,-0.0369,-0.022852,-0.023031,,,,,-0.017991,-0.023299,0.008306,0.00714,-0.012912,-0.020212,-0.019973,-0.019971,-0.023691,-0.023027,-0.028063,-0.024757,-0.021459,-0.019127,-0.009671,-0.010679,,,,,-0.032984,-0.038211,0.015944,-0.009511,-0.024807,-0.025138,-0.025131,-0.024461,-0.022256,-0.017273,-0.022339,-0.031244,-0.024123,-0.025331,-0.015819,-0.013278
GPSC.BK,,0.029477,0.023821,0.018226,0.012692,0.007218,0.001803,-0.003554,-0.010059,0.005778,0.000484,-0.01303,0.009816,-0.028766,-0.016826,-0.008115,-0.012113,-0.016383,-0.021745,-0.02288,,0.063793,0.057948,0.052167,0.046449,0.040792,0.035197,0.029661,0.009589,-0.023658,-0.028796,-0.022629,-0.013497,-0.02123,-0.01957,-0.022068,-0.025753,-0.022841,-0.019154,-0.021035,,0.084383,0.078425,0.072532,0.066703,0.060937,0.055233,0.04959,0.0195,-0.006126,-0.011357,-0.021072,0.00123,-0.016731,-0.015188,-0.012961,-0.01734,-0.017263,-0.015604,-0.018273,,,,,-0.010495,-0.015844,-0.00089,-0.006233,-0.011519,-0.009087,-0.014302,-0.039707,-0.035987,-0.038298,-0.010878,-0.016632,-0.019503,-0.015075,-0.021634,-0.019245,,,,,0.026987,0.021435,0.011198,0.00579,0.00044,-0.004561,-0.009801,-0.015343,-0.016215,-0.020519,-0.016267,-0.015266,-0.017454,-0.016795,-0.018986,-0.017129,,,,,0.034483,0.028891,0.019207,0.013756,0.008364,0.001184,-0.004086,-0.016831,-0.013666,-0.019582,-0.007227,-0.009753,-0.012802,-0.014325,-0.017062,-0.015663
GULF.BK,,,,,,,,,-0.013741,-0.018959,-0.024123,0.014484,0.013347,0.008096,0.0029,-0.002428,-0.00544,-0.022318,-0.014921,-0.01764,,,,,,,,,-0.14672,-0.151235,-0.155702,-0.064811,-0.042877,-0.047836,-0.052744,-0.045563,-0.019962,-0.031922,-0.021692,-0.023208,,,,,,,,,-0.119016,-0.123677,-0.128289,-0.051177,-0.027434,-0.032474,-0.037461,-0.035704,-0.022145,-0.039121,-0.023229,-0.023312,,,,,,,,,,0.019419,0.014053,0.008744,-0.003641,-0.008803,-0.013912,-0.007692,-0.009608,-0.008689,-0.00727,-0.010537,,,,,,,,,,0.008338,0.003031,-0.00222,-0.019146,-0.024228,-0.029258,-0.023028,-0.010944,-0.014154,-0.009655,-0.011443,,,,,,,,,,0.030499,0.025076,0.019709,0.014105,0.00885,0.00365,0.001622,-0.007672,-0.008757,-0.011505,-0.013352
GUNKUL.BK,,,,,-0.008951,-0.014308,-0.003187,-0.008517,-0.013791,-0.019009,-0.024172,-0.0508,-0.055744,-0.017817,0.029522,0.021263,0.010219,-0.002029,-0.004422,-0.01828,,,,,0.007033,0.00159,-0.003795,-0.009122,-0.014393,-0.019608,-0.024768,-0.051787,-0.056726,-0.035513,-0.011284,-0.016961,-0.017102,-0.023017,-0.025452,-0.030486,,,,,0.023018,0.017488,0.012626,0.007211,0.001853,-0.003448,-0.008693,-0.0355,-0.040524,-0.020519,0.015665,-0.001823,-0.008478,-0.015063,-0.017469,-0.027471,-0.04174,-0.047034,-0.05227,-0.057449,-0.035546,-0.040759,-0.045916,-0.044877,-0.021511,0.012112,0.010712,0.019004,0.000708,-0.000367,-0.004734,-0.031505,-0.015749,-0.016048,-0.018521,-0.013703,0.017049,0.01143,0.005872,0.000376,0.000554,-0.004854,-0.010204,-0.014031,-0.014963,-0.009775,-0.010573,-0.010177,-0.027238,-0.024527,-0.02398,-0.024572,-0.025086,-0.023521,-0.024911,-0.022864,0.017049,0.01143,0.005873,0.000376,-0.010462,-0.015811,-0.021102,-0.023049,-0.010293,0.01014,0.008156,0.012974,-0.006208,-0.006686,-0.008144,-0.020297,-0.021458,-0.020674,-0.023839,-0.02004
HANA.BK,,0.003643,-0.036241,-0.041507,-0.046716,-0.026984,-0.032215,-0.032761,-0.037905,-0.055925,-0.058202,-0.050957,-0.04072,-0.038578,-0.059029,-0.060198,-0.034897,-0.024461,-0.0307,-0.018689,,-0.015658,-0.039993,-0.045239,-0.050428,-0.038277,-0.043448,-0.03893,-0.044042,-0.034695,-0.040101,-0.052065,-0.039309,-0.041116,-0.060054,-0.035042,-0.029503,-0.030025,-0.029916,-0.022559,,-0.001182,-0.032795,-0.03808,-0.043308,-0.030023,-0.035238,-0.031701,-0.036852,-0.050935,-0.056334,-0.061377,-0.048287,-0.04119,-0.067895,-0.044158,-0.035646,-0.03328,-0.039837,-0.024818,,,,,,,0.137474,0.131392,0.01276,-0.002342,-0.007593,-0.012789,-0.017406,-0.001688,-0.00692,-0.011376,-0.014079,-0.004514,-0.008257,-0.011501,,,,,,,0.030836,0.025324,-0.013449,-0.01765,-0.02282,-0.027937,-0.029495,-0.013964,-0.015682,-0.019069,-0.021436,-0.010333,-0.013797,-0.017207,,,,,,,0.079712,0.073938,-0.009925,-0.017887,-0.023056,-0.02817,-0.031203,-0.010669,-0.012821,-0.017917,-0.02,-0.007465,-0.010487,-0.014089
HMPRO.BK,,,,,,,,,,-0.062572,-0.067506,-0.004189,-0.008671,-0.001741,-0.023231,-0.007667,-0.005799,-0.007817,-0.012373,-0.015288,,,,,,,,,,-0.033816,-0.038902,0.002057,-0.004661,-0.007347,-0.026936,-0.011358,-0.011202,-0.01241,-0.014174,-0.017353,,,,,,,,,,-0.056821,-0.061785,-0.010859,-0.011417,-0.00599,-0.023505,-0.006455,-0.008953,-0.010152,-0.013538,-0.014051,,,,,,,,,,-0.043468,-0.048502,-0.042668,-0.042553,-0.027593,-0.009169,-0.041066,-0.0466,-0.039057,-0.030989,-0.013558,,,,,,,,,,0.008623,0.003314,-0.004174,-0.013833,-0.019016,-0.013207,-0.029532,-0.020378,-0.025365,-0.024302,-0.015356,,,,,,,,,,-0.015836,-0.021016,-0.018243,-0.02433,-0.015157,-0.00087,-0.035554,-0.024157,-0.029812,-0.025412,-0.01196
ICHI.BK,,,,,,,,,,,,-0.025204,0.000858,-0.003236,-0.002737,-0.006741,-0.005911,-0.011408,-0.016113,-0.001084,,,,,,,,,,,,-0.021714,-0.009929,-0.008717,-0.010825,-0.011192,-0.014406,-0.018301,-0.022642,-0.012122,,,,,,,,,,,,-0.024311,-0.008892,-0.007892,-0.005003,-0.008971,-0.012633,-0.013171,-0.018114,-0.009011,,,,,,,0.006635,0.001252,-0.004074,-0.009344,-0.003441,0.005286,0.002136,-0.00959,-0.00383,-0.007182,-0.005358,-0.008042,-0.012156,-0.00866,,,,,,,-0.031495,-0.036675,-0.041799,-0.046868,-0.012381,-0.017552,-0.014382,-0.015509,-0.01261,-0.011274,-0.012936,-0.015774,-0.019238,-0.014473,,,,,,,-0.023869,-0.029089,-0.034254,-0.039364,-0.005528,-0.003443,-0.007306,-0.009887,-0.006045,-0.01322,-0.00889,-0.011537,-0.015465,-0.010725
IRPC.BK,,,,,,,,,,,,-0.034822,-0.003246,-0.013477,-0.016368,0.009279,-0.02012,-0.017972,-0.019378,-0.019014,,,,,,,,,,,,-0.020933,-0.025481,-0.021899,-0.025247,-0.011685,-0.028277,-0.021321,-0.024133,-0.023105,,,,,,,,,,,,-0.010864,-0.01877,-0.018975,-0.023049,-0.007831,-0.026046,-0.01986,-0.021501,-0.019609,,,,,,,,,,,-0.030685,-0.03904,-0.03861,-0.038576,-0.034915,-0.037873,-0.037933,-0.019937,-0.022397,-0.026248,,,,,,,,,,,-0.046755,-0.038081,-0.039713,-0.042105,-0.041811,-0.044804,-0.041876,-0.021702,-0.02488,-0.026943,,,,,,,,,,,-0.033899,-0.039349,-0.039039,-0.040133,-0.039569,-0.042403,-0.036283,-0.01634,-0.019564,-0.023449
ITC.BK,,,,,,,0.023641,0.018167,1e-06,0.01807,0.005406,0.014227,0.019725,0.011583,0.007576,0.002727,0.000651,-0.00505,-0.01166,-0.007343,,,,,,-0.003709,-0.021037,-0.042497,-0.037141,-0.025035,-0.026432,-0.015955,0.020594,0.017108,0.015199,0.010542,0.008201,0.000153,-0.019185,-0.012139,,,,,,-0.037626,-0.028276,-0.045041,-0.036542,-0.020246,-0.019324,-0.006478,0.020062,0.014851,0.011767,0.007475,0.005568,-0.003079,-0.016682,-0.011986,,,,,,,-0.082362,-0.087269,-0.092124,-0.024155,-0.029291,-0.017558,-0.026517,-0.007436,-0.01303,-0.014269,-0.018312,-0.012207,-0.016265,-0.016289,,,,,,,-0.082362,-0.087269,-0.092124,-0.026879,-0.032,-0.023611,-0.024272,-0.011145,-0.017355,-0.017881,-0.019059,-0.014466,-0.018105,-0.017163,,,,,,,-0.082362,-0.087269,-0.092124,-0.022923,-0.028066,-0.019635,-0.025802,-0.00898,-0.016015,-0.013682,-0.018797,-0.012244,-0.01607,-0.015737
IVL.BK,-0.023199,-0.028596,-0.033933,-0.039212,-0.044434,-0.049599,-0.054709,-0.059764,0.024381,0.036054,0.010717,-0.00027,-0.009457,-0.02413,-0.048553,-0.040162,-0.036178,-0.039554,-0.043025,-0.045192,-0.010989,-0.016453,-0.021857,-0.027202,-0.032489,-0.037719,-0.042893,-0.048011,0.001709,-0.016054,-0.019486,-0.025878,-0.032101,-0.010722,-0.029502,-0.028661,-0.027619,-0.030161,-0.033011,-0.033044,0.001221,-0.004311,-0.009782,-0.015193,-0.020545,-0.025839,-0.031077,-0.036258,0.021317,0.002204,-0.009338,-0.019772,-0.027726,-0.017754,-0.036811,-0.033491,-0.029162,-0.031863,-0.035172,-0.039237,,,,,,,,,,,0.023923,-0.03302,-0.028334,-0.04247,-0.026162,-0.02614,-0.030573,-0.031433,-0.028736,-0.031026,,,,,,,,,,,0.004785,-0.021002,-0.022866,-0.029782,-0.019168,-0.018993,-0.022748,-0.022241,-0.022303,-0.022128,,,,,,,,,,,0.023923,-0.023203,-0.024018,-0.035351,-0.022,-0.021851,-0.025759,-0.028624,-0.026712,-0.025697
JAS.BK,-0.06536,-0.070523,-0.07563,-0.080681,-0.085678,0.022531,-0.002514,-0.007848,-0.013126,-0.009256,-0.01062,-0.030794,-0.045661,-0.035377,-0.032361,-0.029692,-0.035066,-0.020964,-0.026191,-0.021238,-0.117647,-0.122522,-0.127343,-0.132112,-0.136829,-0.035667,-0.043701,-0.048815,-0.053874,-0.044679,-0.038809,-0.051877,-0.056815,-0.029659,-0.025875,-0.027126,-0.026964,-0.021036,-0.026862,-0.024309,-0.078431,-0.083523,-0.088559,-0.093539,-0.098466,-0.024779,-0.0183,-0.02355,-0.028744,-0.015885,-0.012067,-0.040273,-0.052893,-0.026157,-0.02331,-0.018701,-0.020922,-0.016216,-0.021569,-0.019859,,,,,-0.015086,-0.025065,0.023776,0.019981,0.016359,0.010981,0.00566,0.007464,-0.002854,-0.003385,-0.007128,-0.014519,-0.023038,-0.027387,-0.027859,-0.019109,,,,,0.040353,-0.00055,0.023049,0.018522,0.009366,0.004025,-0.001259,-0.004535,-0.007247,-0.011577,-0.011798,-0.013571,-0.022527,-0.021305,-0.02081,-0.017949,,,,,0.036357,0.005547,0.048161,0.040194,0.029005,0.02356,0.018173,0.012822,0.005847,0.000938,-0.004894,-0.007672,-0.022702,-0.020811,-0.02096,-0.015937
JMART.BK,-0.053968,0.022889,0.026953,0.021341,0.04201,0.036378,0.030806,0.014711,0.009314,0.018561,0.010598,0.005382,-0.005795,-0.009907,-0.012699,-0.027542,-0.009128,-0.024314,-0.01892,-0.023143,-0.130159,-0.019842,-0.017152,-0.022522,-0.02668,-0.031941,-0.037146,-0.02266,-0.027859,-0.032042,-0.029641,-0.005427,-0.007339,-0.010463,-0.012448,-0.022225,-0.021616,-0.026417,-0.021432,-0.02504,-0.060317,0.014885,0.007626,0.00212,0.018913,0.013406,0.007957,0.001473,-0.003854,-0.013266,-0.01298,0.008689,-0.00334,-0.007218,-0.008409,-0.01894,-0.01793,-0.02711,-0.022259,-0.025642,0.020946,0.015306,0.009727,-0.014838,-0.016721,-0.028403,-0.033626,-0.038794,-0.043907,-0.048965,-0.053971,-0.05633,-0.048298,-0.043072,-0.010124,-0.006878,-0.01741,-0.011478,-0.004977,-0.015659,-0.030049,-0.035408,-0.040708,-0.048924,-0.041006,-0.044998,-0.050133,-0.055212,-0.060238,-0.06521,-0.07013,-0.054717,-0.04228,-0.027216,-0.020069,-0.020254,-0.016604,-0.010351,-0.011132,-0.016585,0.011199,0.005612,8.7e-05,-0.024384,-0.020535,-0.030387,-0.0356,-0.040757,-0.045859,-0.050908,-0.055903,-0.051934,-0.048028,-0.030716,-0.013375,-0.014203,-0.019631,-0.011839,-0.011503,-0.017781
JMT.BK,,,,,0.258052,0.045436,-0.004479,-0.014833,-0.005231,-0.027193,-0.020955,-0.020617,-0.020016,-0.027635,-0.018302,-0.011852,-0.014048,-0.019801,-0.024366,-0.034005,,,,,0.076892,-0.014471,-0.050307,-0.039761,-0.037075,-0.020585,-0.024363,-0.027517,-0.029765,-0.032073,-0.023818,-0.019301,-0.022735,-0.02672,-0.029021,-0.033202,,,,,0.288245,0.082402,0.004329,-0.005095,-0.008508,-0.00846,-0.01087,-0.015056,-0.018389,-0.022839,-0.01407,-0.010734,-0.013652,-0.018302,-0.021444,-0.03308,-0.020089,-0.025503,-0.030857,-0.020397,-0.038046,-0.053548,-0.059386,-0.064416,-0.025249,-0.027075,-0.027447,-0.032539,-0.018541,-0.012623,-0.016552,-0.021371,-0.023168,-0.017499,-0.023203,-0.018659,-0.020292,-0.025705,-0.031058,-0.025487,-0.051434,-0.047268,-0.04797,-0.053061,-0.033386,-0.03744,-0.037758,-0.042796,-0.007656,-0.01274,-0.018239,-0.018404,-0.020464,-0.017584,-0.019858,-0.018197,-0.003341,-0.008847,-0.014293,-0.009415,-0.041576,-0.038122,-0.044825,-0.049933,-0.022236,-0.02478,-0.024087,-0.029197,0.003915,-0.00938,-0.015439,-0.018713,-0.020611,-0.016937,-0.021745,-0.017495
JTS.BK,-0.057364,-0.062572,-0.067723,-0.072818,-0.077857,-0.058312,-0.039687,-0.027559,-0.028349,-0.028697,-0.028677,-0.028511,-0.023709,-0.003551,-0.00544,-0.010587,-0.014494,-0.02876,-0.031981,-0.034553,-0.100569,-0.105538,-0.110453,-0.115314,-0.120122,-0.09689,-0.063448,-0.041782,-0.041533,-0.025815,-0.023476,-0.027361,-0.02512,-0.015084,-0.015233,-0.020661,-0.023272,-0.036192,-0.039326,-0.040266,-0.069875,-0.075014,-0.080096,-0.085123,-0.090095,-0.074491,-0.04276,-0.031799,-0.031113,-0.026821,-0.028418,-0.028499,-0.026623,-0.004372,-0.008173,-0.012918,-0.016628,-0.030211,-0.033063,-0.034718,-0.047929,-0.048298,-0.051287,-0.056471,-0.061599,-0.058029,-0.060014,-0.064311,-0.070304,-0.071023,-0.051055,-0.056096,-0.058123,-0.062063,-0.049172,-0.03946,-0.037478,-0.038898,-0.042257,-0.032481,-0.077076,-0.082175,-0.077182,-0.082225,-0.087213,-0.079823,-0.039196,-0.04081,-0.042349,-0.040091,-0.032898,-0.036137,-0.038774,-0.042684,-0.039001,-0.036394,-0.0349,-0.036728,-0.039411,-0.033008,-0.048869,-0.049046,-0.051906,-0.057087,-0.062212,-0.060094,-0.009591,-0.01198,-0.017495,-0.01815,-0.020801,-0.024668,-0.028293,-0.03192,-0.03055,-0.028581,-0.029723,-0.033963,-0.036767,-0.030595
KBANK.BK,,,,,,,,,,,,-0.054088,-0.059015,-0.06389,-0.046865,-0.051753,-0.010345,-0.005562,-0.010408,-0.007175,,,,,,,,,,,,-0.034625,-0.039653,-0.044629,-0.043278,-0.048184,-0.006702,-0.000436,-0.009856,-0.008547,,,,,,,,,,,,-0.046303,-0.05127,-0.056186,-0.047028,-0.051915,-0.0101,-0.00129,-0.008864,-0.008708,,,,,,,,,,,-0.005848,-0.011053,-0.016204,-0.021301,-0.012122,-0.019727,-0.016932,-0.007798,-0.010798,-0.008973,,,,,,,,,,,-0.017544,-0.022688,-0.027778,-0.032815,-0.009229,-0.010945,-0.008737,-0.003953,-0.005908,-0.006342,,,,,,,,,,,0.005848,0.000582,-0.00463,-0.009787,-0.004318,-0.013904,-0.012739,-0.00769,-0.006179,-0.005996
KCE.BK,,,,,,0.024793,0.019283,-0.057062,-0.051165,-0.041245,-0.050168,-0.033856,-0.007512,-0.006541,-0.010165,-0.007372,0.011487,0.000673,-0.001852,-0.009755,,,,,,0.006918,0.001505,-0.049739,-0.040844,-0.034354,-0.037782,-0.032408,-0.025295,-0.014624,-0.019042,-0.018284,-0.017493,-0.017855,-0.019202,-0.020469,,,,,,0.024793,0.019283,-0.043045,-0.038279,-0.034959,-0.034747,-0.028648,-0.029829,-0.022176,-0.026817,-0.028353,-0.013383,-0.015551,-0.017473,-0.019716,,,,,,,-0.107925,-0.112696,-0.117415,-0.122085,-0.126706,-0.003756,-0.014545,-0.017773,0.007953,0.005158,-0.000544,-0.003788,-0.005067,-0.011639,,,,,,,-0.05217,-0.057239,-0.062254,-0.067215,-0.072125,-0.004292,-0.011512,-0.014643,-0.010221,-0.009084,-0.012129,-0.015502,-0.017405,-0.018307,,,,,,,-0.076065,-0.081006,-0.085894,-0.090731,-0.095517,-0.005663,-0.016191,-0.017833,-9.9e-05,-0.005061,-0.008829,-0.01169,-0.012802,-0.018106
KKP.BK,,,,,,,,,,,,-0.029772,-0.034825,-0.039826,-0.016837,-0.022433,-0.008384,-0.005297,-0.007267,-0.005516,,,,,,,,,,,,-0.029772,-0.034825,-0.039826,-0.02029,-0.023371,-0.015433,-0.013132,-0.00917,-0.007586,,,,,,,,,,,,-0.029772,-0.034825,-0.039826,-0.01927,-0.02475,-0.012251,-0.010638,-0.010112,-0.006948,,,,,,,-0.069096,-0.074074,-0.078999,-0.083872,-0.088694,-0.093465,-0.061422,-0.066285,-0.038193,-0.005391,-0.003652,-0.006378,-0.006427,-0.008405,,,,,,,-0.014337,-0.019608,-0.024823,-0.029982,-0.035088,-0.04014,-0.036848,-0.041839,-0.027209,-0.008177,-0.013473,-0.009615,-0.010414,-0.010254,,,,,,,-0.054162,-0.05922,-0.064224,-0.069175,-0.074074,-0.078922,-0.046385,-0.051326,-0.033053,-0.010031,-0.006518,-0.011264,-0.01133,-0.010739
KTB.BK,,,,,,,,,,,,,-0.015713,-0.020813,0.023922,-0.011182,-0.017341,-0.007246,-0.010157,-0.004768,,,,,,,,,,,,,-0.095162,-0.099851,-0.006055,-0.018324,-0.023769,-0.014602,-0.014742,-0.010981,,,,,,,,,,,,,-0.086335,-0.091069,0.00564,-0.022217,-0.027552,-0.015624,-0.017769,-0.011664,,0.028327,0.022677,0.017088,0.011561,0.006093,0.000684,-0.004667,-0.009962,-0.0152,-0.001254,-0.006483,-0.011658,-0.016779,-0.021847,-0.006652,-0.003688,0.001502,-0.003079,-0.006959,,0.028327,0.022677,0.017088,0.011561,0.006093,0.000684,-0.004667,-0.009962,-0.0152,-0.021115,-0.02624,-0.031312,-0.036331,-0.041298,-0.025684,-0.017191,-0.007144,-0.010105,-0.010258,,0.028327,0.022677,0.017088,0.011561,0.006093,0.000684,-0.004667,-0.009962,-0.0152,-0.008702,-0.013892,-0.019028,-0.024111,-0.029141,-0.026492,-0.022431,-0.005985,-0.009626,-0.008754
KTC.BK,,,,,,,-0.047804,-0.052896,-0.057934,-0.062918,-0.024478,-0.004017,-0.009205,-0.014338,-0.005917,-0.004882,-0.00791,-0.014755,-0.015529,-0.014403,,,,,,,,,,,0.039136,0.008269,0.003017,-0.003448,-0.001077,-0.005018,-0.005229,-0.019926,-0.021214,-0.017968,,,,,,,-0.080192,-0.08511,-0.089977,-0.094792,-0.033584,-0.02457,-0.02965,-0.027505,-0.014411,-0.009509,-0.012072,-0.022764,-0.022329,-0.01734,-0.172749,-0.17732,-0.18184,-0.186311,-0.190733,-0.195108,-0.199435,-0.203716,-0.207952,-0.212142,-0.216289,-0.220392,-0.125177,-0.08834,-0.06068,-0.00506,-0.006376,-0.003611,-0.006645,-0.01221,-0.18897,-0.193451,-0.197882,-0.202266,-0.206601,-0.21089,-0.215132,-0.219329,-0.223482,-0.22759,-0.231656,-0.235679,-0.13278,-0.086404,-0.056303,-0.023235,-0.019123,-0.010521,-0.013051,-0.015345,-0.292782,-0.296689,-0.300553,-0.304376,-0.308156,-0.311896,-0.315595,-0.319255,-0.322876,-0.326459,-0.330004,-0.333512,-0.178627,-0.182882,-0.100954,-0.028304,-0.019601,-0.006147,-0.009669,-0.014993
LH.BK,,,,,,,,,,,-0.0422,-0.037038,-0.042053,-0.047017,-0.012039,-0.011229,-0.011104,0.010114,-0.000979,-0.007434,,,,,,,,,,,-0.004267,-0.009635,-0.014793,0.001114,0.002231,-0.000773,-0.004183,0.000804,-0.007038,-0.007508,,,,,,,,,,,-0.051683,-0.047446,-0.052407,-0.013854,-0.001639,-0.002774,-0.005159,0.000832,-0.004448,-0.007741,,,,,,,,,,,,,-0.021739,-0.010258,-0.013073,-0.016065,-0.016795,-0.023502,-0.025524,-0.014425,,,,,,,,,,,,,-0.003623,0.000316,-0.003585,-0.008261,-0.007139,-0.011211,-0.014169,-0.011301,,,,,,,,,,,,,-0.003623,-0.001254,-0.0068,-0.012131,-0.008009,-0.014536,-0.016893,-0.011891
M.BK,,,,,,,,,,,0.014997,0.002867,-0.008941,0.02,0.016408,0.014589,0.011542,0.006866,3.1e-05,-0.000902,,,,,,,,,,,0.001629,-0.006413,-0.013562,-0.001241,-0.00624,-0.010033,-0.011895,-0.011738,-0.013121,-0.018081,,,,,,,,,,,0.037556,0.003239,-0.010301,0.002099,-0.002137,0.00092,-0.002183,-0.005741,-0.008092,-0.013481,,,,,,,,,,,-0.037292,-0.021649,-0.035571,-0.029351,-0.001479,0.068522,0.013579,0.008589,0.005169,0.010172,,,,,,,,,,,0.010315,-0.009514,-0.012989,-0.013624,-0.002671,0.002797,-0.011017,-0.014709,-0.017906,-0.009216,,,,,,,,,,,-0.000265,-0.01769,-0.021344,-0.019819,0.000278,0.031684,-0.005514,-0.009555,-0.013009,-0.001946
MBK.BK,,,,,,,,,,,0.046547,0.041068,0.016425,-0.001279,-0.009695,0.000654,0.013387,0.011759,0.004438,-0.006041,,,,,,,,,,,0.034378,0.028962,-0.001626,-0.01632,-0.01653,-0.004488,-0.001257,-0.003148,-0.005384,-0.009773,,,,,,,,,,,0.046547,0.041068,0.013614,-0.009632,-0.010086,-0.002937,0.002463,-0.001076,-0.004238,-0.008933,,,,,,,,,,,,,,-0.018045,-0.005178,-0.001113,-0.014718,-0.013167,-0.006021,-0.009001,,,,,,,,,,,,,,-0.004265,-0.007432,-0.006213,-0.013135,-0.013067,-0.006625,-0.00873,,,,,,,,,,,,,,-0.015726,-0.006147,-0.002765,-0.012009,-0.01471,-0.006666,-0.008896
MEGA.BK,,,,,,,,,-0.032882,-0.037999,-0.063865,-0.053407,-0.058337,-0.01323,-0.014653,-0.004969,-0.007898,-0.012578,-0.016329,-0.002367,,,,,,,,,0.031592,0.026134,-0.004507,-0.014042,-0.019177,-0.005433,-0.009705,0.001251,-0.005349,-0.01169,-0.015527,-0.00912,,,,,,,,,0.031592,0.026134,-0.022814,-0.029091,-0.034148,-0.0043,-0.008111,-0.007917,-0.004627,-0.012063,-0.015913,-0.008565,,,,,,,,,,0.008196,0.002889,-0.002361,-0.004767,-0.011378,-0.00454,-0.009478,-0.014167,-0.013879,-0.017825,-0.010164,,,,,,,,,,0.002192,-0.003083,-0.008303,-0.007598,-0.014074,-0.012163,-0.014742,-0.019698,-0.014349,-0.017601,-0.013436,,,,,,,,,,-0.00081,-0.006069,-0.011273,-0.003594,-0.011908,-0.009048,-0.013891,-0.019358,-0.018055,-0.02202,-0.016531
MINT.BK,,,,,,,0.033101,0.027577,0.022111,0.016703,0.014806,-0.013527,-0.010469,-0.007471,-0.01241,-0.006672,0.01343,-0.006722,-0.013555,-0.016368,,,,,,,-0.000632,-0.005977,-0.011264,-0.016495,-0.008151,-0.019532,-0.008755,-0.018388,-0.020772,-0.019133,0.001004,-0.013567,-0.018646,-0.01687,,,,,,,0.012018,0.006606,0.001252,-0.004046,-0.006255,-0.020909,-0.007797,-0.016626,-0.019935,-0.012642,0.008713,-0.009484,-0.015247,-0.01561,,,,,,,,,,,,0.0219,0.010793,0.003462,-0.043047,-0.025364,-0.012012,-0.0129,-0.017484,-0.018119,,,,,,,,,,,,0.010289,0.003096,-0.007736,-0.011896,-0.013337,-0.006161,-0.009719,-0.015169,-0.016799,,,,,,,,,,,,0.0226,0.008263,0.002385,-0.012412,-0.013687,-0.00355,-0.00758,-0.013781,-0.014527
MOSHI.BK,,,,,,,,-0.064972,-0.069945,-0.074866,-0.007183,-0.01215,-0.014773,-0.015348,-0.020827,-0.024046,-0.012985,-0.015207,-0.020124,-0.015242,,,,,,,,-0.03295,-0.038094,-0.043183,0.001803,-0.006743,-0.017513,-0.021311,-0.025315,-0.01383,-0.014178,-0.016146,-0.01657,-0.013825,,,,,,,,-0.03295,-0.038094,-0.043183,0.011562,0.001579,-0.010216,-0.015383,-0.023916,-0.032344,-0.026586,-0.025666,-0.025498,-0.019606,,,,,,,,,,0.008316,0.009188,0.005019,-0.007851,-0.003806,-0.004584,-0.009039,-0.01134,-0.013141,-0.020469,-0.022082,,,,,,,,,,0.008596,-0.001745,-0.013176,-0.012458,-0.013572,-0.012306,-0.015083,-0.016457,-0.007541,-0.00855,-0.010983,,,,,,,,,,-0.0065,-0.003652,-0.010698,-0.01364,-0.018194,-0.01651,-0.01863,-0.018947,-0.007996,-0.017264,-0.019314
MTC.BK,,,,,,,,0.055163,0.04955,0.054557,0.017339,0.016668,0.023211,0.012618,0.005397,-0.004306,-0.009516,0.007135,0.003452,-0.010688,,,,,,,,0.004917,-0.000428,0.019326,-0.000878,-0.002562,-0.003103,-0.008984,-0.011089,-0.014436,-0.014762,-0.017262,-0.007862,-0.013152,,,,,,,,0.019273,0.013851,0.04026,0.009708,0.004421,-0.002379,-0.004611,-0.005844,-0.0098,-0.01771,-0.008851,-0.004938,-0.01481,,,,,,,,,0.120567,0.114638,0.049088,-0.015241,-0.02069,-0.025361,-0.010988,-0.015496,0.002435,-0.006908,-0.009339,-0.012422,,,,,,,,,0.035461,0.029982,0.016034,-0.016134,-0.021413,-0.025229,-0.014277,-0.016447,-0.012595,-0.012488,-0.015829,-0.013829,,,,,,,,,0.099291,0.093474,0.029561,-0.020841,-0.022963,-0.025837,-0.016075,-0.019854,-0.0072,-0.011395,-0.01485,-0.015269
OR.BK,,,,,,,,,,-0.019283,-0.024831,-0.029937,-0.02006,-0.02659,-0.026642,-0.029251,-0.017717,-0.014549,-0.02049,-0.010283,,,,,,,,,,-0.015504,-0.019954,-0.025085,-0.029472,-0.031796,-0.026316,-0.025671,-0.014586,-0.014478,-0.011808,-0.008607,,,,,,,,,,-0.019659,-0.02271,-0.027827,-0.030657,-0.034077,-0.030279,-0.029099,-0.017338,-0.015742,-0.015898,-0.010185,,,,,,,,0.019774,-0.013696,-0.018914,-0.024078,-0.038424,-0.043433,-0.034985,-0.017895,-0.007919,-0.018475,-0.016616,-0.018939,-0.018291,,,,,,,,0.011483,-0.001578,-0.00686,-0.012087,-0.016603,-0.021725,-0.017503,-0.014501,-0.012742,-0.01065,-0.01205,-0.015682,-0.014966,,,,,,,,0.019774,0.002546,-0.002759,-0.008007,-0.016209,-0.021333,-0.018658,-0.012815,-0.008508,-0.013302,-0.014657,-0.01906,-0.018065
OSP.BK,,,,,,,,,,-0.041147,-0.046194,-0.041051,-0.046046,-0.027235,-0.017609,-0.015205,-0.019664,-0.00871,-0.01541,-0.017372,,,,,,,,,,-0.049622,-0.054624,-0.051673,-0.056612,-0.038071,-0.020238,-0.019396,-0.02215,-0.00875,-0.013969,-0.016515,,,,,,,,,,-0.033496,-0.038583,-0.037825,-0.042836,-0.029702,-0.016607,-0.018108,-0.021113,-0.007119,-0.015812,-0.018279,,,,,,,,,,,,0.081213,-0.011686,-0.024415,-0.032298,-0.036596,-0.023532,-0.021128,-0.024499,-0.021913,,,,,,,,,,,,0.032509,-0.02609,-0.0319,-0.035745,-0.030452,-0.02569,-0.020728,-0.023437,-0.021107,,,,,,,,,,,,0.066602,-0.020395,-0.040825,-0.04613,-0.041208,-0.030076,-0.023662,-0.025577,-0.022629
PLANB.BK,,,0.049176,0.043443,0.037772,0.032162,0.029557,0.024051,0.018604,0.013215,0.007882,0.002498,-0.016937,0.013201,0.000516,-0.001384,-0.012204,-0.015709,-0.01881,-0.020862,,,0.00823,0.002721,-0.002729,-0.00812,-0.013452,-0.018728,-0.023947,0.005391,9.9e-05,0.001909,-0.019823,-0.018779,-0.012846,-0.013274,-0.01722,-0.020168,-0.015039,-0.017858,,,-0.005974,-0.011405,-0.016778,-0.022093,-0.016375,-0.021635,-0.026839,0.001259,-0.00401,-0.00346,-0.022045,-0.014453,-0.015454,-0.015816,-0.023403,-0.02572,-0.022379,-0.022235,0.011609,0.00602,0.000492,-0.004975,-0.010383,-0.015732,-0.021024,-0.026259,-0.031439,0.004594,0.017082,-0.000487,-0.004965,-0.004061,-0.00719,-0.012427,-0.014852,-0.009399,-0.011839,-0.020203,-0.038143,-0.043457,-0.048712,-0.053911,-0.059053,-0.064139,-0.06917,-0.074148,-0.079073,-0.028434,-0.01422,-0.013238,-0.014229,-0.011809,-0.011872,-0.015869,-0.017279,-0.011865,-0.016053,-0.018286,-0.013267,-0.018719,-0.02411,-0.029443,-0.034718,-0.039935,-0.045097,-0.050204,-0.055256,-0.007251,0.006093,-0.007906,-0.018523,-0.009567,-0.008923,-0.012461,-0.01502,-0.016193,-0.019331,-0.024044
PR9.BK,,,,,,0.005137,-0.000267,-0.005613,-0.010902,-0.016135,-0.002366,0.010966,0.005701,0.011684,0.010002,0.005089,-0.000485,-0.004769,-0.013115,-0.005853,,,,,,-0.003797,-0.009153,-0.014452,-0.019694,-0.024881,-0.042764,-0.018154,-0.023268,-0.010495,-0.011343,-0.01781,-0.023303,-0.025731,-0.019576,-0.016712,,,,,,-0.021666,-0.026926,-0.03213,-0.037278,-0.042372,-0.033439,-0.007498,-0.012668,-0.000864,-0.00321,-0.011362,-0.017079,-0.020536,-0.018904,-0.015659,,,,,,,,,,-0.028866,-0.033977,-0.035692,-0.022282,-0.021614,-0.001734,-0.006923,-0.00823,-0.011823,-0.012589,-0.014384,,,,-0.039096,-0.044318,-0.049484,-0.054595,-0.05965,-0.064652,-0.025792,-0.03092,-0.031662,-0.020748,-0.020978,-0.006743,-0.00987,-0.010565,-0.013489,-0.014143,-0.015884,,,,-0.039096,-0.044319,-0.049484,-0.054595,-0.05965,-0.064652,-0.039187,-0.044244,-0.045173,-0.032051,-0.033187,-0.010282,-0.013804,-0.013927,-0.016892,-0.013765,-0.015257
PRM.BK,,,,,,,,0.004979,0.051728,0.046164,0.040658,0.009195,0.00182,-0.003191,-0.004777,0.002394,-0.002378,-0.008057,-0.010408,-0.011234,,,,,,,,,0.111822,0.105939,0.100119,0.033288,0.01039,0.00501,-0.010492,-0.013305,-0.017469,-0.014056,-0.012403,-0.012179,,,,,,,,-0.013461,0.046557,0.041019,0.03554,0.009786,0.00499,-0.000488,-0.012846,-0.003333,-0.007361,-0.011132,-0.016045,-0.015218,,,,,,,,,,-0.049936,0.002717,0.006599,0.002854,-0.002263,-0.010322,-0.019405,-0.007748,-0.008713,-0.012333,-0.013361,,,,,,,,,,-0.01904,0.002604,0.003465,-0.00089,-0.007036,-0.013598,-0.007136,-0.010753,-0.012375,-0.015381,-0.014144,,,,,,,,,,-0.01904,0.002604,0.006977,0.001746,-0.005583,-0.011302,-0.010732,-0.008043,-0.009367,-0.01288,-0.01407
PTT.BK,,,,,,,,,,,,,,0.008631,0.003432,-0.001714,-0.012167,-0.004781,-0.009766,-0.005604,,,,,,,,,,,,,,0.004551,-0.000627,-0.005752,-0.026041,-0.006922,-0.010574,-0.005115,,,,,,,,,,,,,,0.008631,0.003432,-0.001714,-0.021838,-0.004347,-0.008974,-0.004023,,,,,,,,,,,-0.036575,-0.041619,-0.04661,-0.04465,-0.049574,-0.042616,-0.00839,-0.007238,-0.011348,-0.004175,,,,,,,,,,,-0.036574,-0.041619,-0.04661,-0.029846,-0.034847,-0.030371,-0.006738,-0.008566,-0.013196,-0.007641,,,,,,,,,,,-0.027654,-0.032745,-0.037783,-0.036558,-0.041524,-0.0348,0.002275,-0.003432,-0.008143,-0.003271
PTTEP.BK,,,,,,,,,-0.039729,-0.04481,-0.049837,-0.054812,-0.016041,-0.021139,-0.026185,-0.020559,-0.019912,0.005666,-0.012758,-0.016204,,,,,,,,,-0.100923,-0.10568,-0.110387,-0.115044,-0.053007,-0.057914,-0.06277,-0.028011,-0.024806,0.002272,-0.014123,-0.011624,,,,,,,,,-0.124459,-0.129091,-0.133675,-0.138211,-0.059859,-0.06473,-0.069551,-0.035929,-0.029918,0.010086,-0.010373,-0.011149,,,,,,,,,,,,,,,-0.019641,-0.024669,-0.012886,-0.006988,-0.020985,-0.012375,,,,,,,,,,,,,,,-0.03765,-0.042585,-0.020161,-0.011997,-0.016134,-0.008316,,,,,,,,,,,,,,,-0.024137,-0.029142,-0.011794,-0.006926,-0.019188,-0.008133
PTTGC.BK,,0.016575,0.010989,0.005465,0.0,-0.005405,-0.028264,-0.035693,-0.040822,-0.054608,-0.057412,-0.031569,-0.036613,-0.044829,-0.044416,-0.038684,-0.06634,-0.041166,-0.041573,-0.027859,,-0.103394,-0.10832,-0.113193,-0.118012,-0.12278,-0.07957,-0.05938,-0.064383,-0.063347,-0.064519,-0.033524,-0.032449,-0.034779,-0.033021,-0.02979,-0.042508,-0.032818,-0.034102,-0.027731,,-0.084451,-0.089482,-0.094457,-0.099379,-0.104247,-0.067588,-0.04759,-0.052656,-0.056788,-0.057275,-0.025157,-0.028246,-0.03526,-0.034654,-0.028488,-0.051353,-0.035918,-0.037835,-0.028201,,,,,,,,,,-0.02289,0.015643,-0.04945,-0.058619,-0.039675,-0.040961,-0.036348,-0.042059,-0.033182,-0.035729,-0.027408,,,,,,,,,,0.001743,0.000355,-0.033022,-0.035715,-0.022864,-0.025245,-0.020678,-0.0243,-0.023958,-0.027519,-0.025627,,,,,,,,,,-0.002843,0.00642,-0.049388,-0.0522,-0.032458,-0.03345,-0.028943,-0.034819,-0.027298,-0.031285,-0.025087
QH.BK,,,,,,,,,,,,,0.034581,-0.019625,-0.024678,-0.023797,-0.017739,-0.024939,-0.013925,-0.013794,,,,,,,,,,,,,0.041667,-0.005128,-0.010257,-0.012968,-0.015539,-0.017638,-0.012815,-0.010001,,,,,,,,,,,,,0.041667,-0.005853,-0.010978,-0.013464,-0.017288,-0.020368,-0.015097,-0.014056,,,,,,,,,,,,,,,-0.024988,-0.007845,-0.013408,0.001057,-0.003662,-0.009947,,,,,,,,,,,,,,,-0.011842,-0.007601,-0.013921,-0.003903,-0.005437,-0.009017,,,,,,,,,,,,,,,-0.010778,-0.003572,-0.010736,-0.001011,-0.003351,-0.009191
RATCH.BK,,,,,,,,,,,,-0.001208,-0.00641,-0.003111,0.0023,-0.013461,-0.006403,-0.001122,-0.006522,-0.009538,,,,,,,,,,,,,,0.013069,-0.007405,-0.014986,-0.01857,-0.015475,-0.020359,-0.01421,,,,,,,,,,,,-0.001208,-0.00641,0.023956,0.002938,-0.011988,-0.010336,-0.012917,-0.017925,-0.013557,,,,,,,,,,,,-0.00181,-0.007009,-0.003299,-0.020166,0.014616,0.008586,0.005147,0.001371,-0.006443,,,,,,,,,,,,0.017762,0.012461,0.004902,-0.002989,-0.00225,-0.00762,-0.013477,-0.01708,-0.010867,,,,,,,,,,,,0.017762,0.012461,0.002659,-0.013277,-0.007869,-0.013973,-0.01575,-0.019404,-0.011399
RCL.BK,-0.069182,0.005502,-2.3e-05,-0.005487,-0.010892,-0.016239,-0.021528,-0.02676,-0.034892,-0.037833,-0.042897,-0.028054,-0.019186,-0.008161,-0.013274,-0.026813,-0.030586,-0.020327,-0.024102,-0.018142,-0.052411,-0.081923,-0.086968,-0.091957,-0.096892,-0.101773,-0.106603,-0.089154,-0.061977,-0.052555,-0.057542,-0.046469,-0.032472,-0.028793,-0.033799,-0.021689,-0.025383,-0.018563,-0.022694,-0.019453,-0.048218,-0.011084,-0.016518,-0.021892,-0.027208,-0.032466,-0.037668,-0.042059,-0.036283,-0.043878,-0.04891,-0.036086,-0.024436,-0.028116,-0.033126,-0.043769,-0.04699,-0.026386,-0.030243,-0.022904,,,,,,,,-0.004345,0.013294,0.015123,0.006815,-0.001199,-0.009888,-0.007209,-0.013117,0.008136,0.001466,-0.007057,-0.012197,-0.010341,,,,,,,,-0.007731,-0.007615,-0.012306,-0.014051,-0.014614,-0.00445,-0.003756,-0.007754,-0.009012,-0.013148,-0.013904,-0.018165,-0.017412,,,,,,,,-0.006344,0.001081,0.002785,-0.002042,-0.005886,-0.022529,-0.02123,-0.025859,-0.008819,-0.015042,-0.016976,-0.021677,-0.015905
SAWAD.BK,,0.00452,-0.000999,-0.006458,-0.011858,-0.076167,-0.081134,-0.07477,-0.052446,-0.014807,-0.016581,-0.022263,-0.029238,-0.018959,-0.0131,-0.020115,-0.021676,-0.004576,-0.007337,-0.013952,,-0.045706,-0.050949,-0.056135,-0.061265,-0.045139,-0.050272,-0.048509,-0.044944,-0.035549,-0.032985,-0.025828,-0.030427,-0.029209,-0.007192,-0.015025,-0.015421,-0.011699,-0.014664,-0.018446,,0.00452,-0.000999,-0.006458,-0.011858,-0.006154,-0.011497,-0.022797,-0.027995,0.002539,-0.000198,-0.023279,-0.028985,-0.023099,-0.00491,-0.017062,-0.017761,-0.010571,-0.013158,-0.017575,,,,,,,,,,,,-0.074356,-0.060544,-0.034119,-0.03901,-0.040658,-0.025616,-0.015914,-0.015504,-0.006444,,,,,,,,,,,,-0.021333,-0.007992,-0.006499,-0.013903,-0.016197,-0.012905,-0.01408,-0.015802,-0.012542,,,,,,,,,,,,-0.05697,-0.020152,-0.016188,-0.022155,-0.022963,-0.021377,-0.018116,-0.019154,-0.011721
SCB.BK,,,,,,,,,0.013885,0.00852,0.003212,0.028848,0.023489,0.000873,-0.004286,-0.00153,-0.006625,-0.006889,-0.005889,-0.013751,,,,,,,,,0.013885,0.00852,0.003212,0.016232,0.010939,-0.007265,-0.012383,-0.011443,-0.016487,-0.010533,-0.010128,-0.010636,,,,,,,,,0.018879,0.013488,0.008154,0.024998,0.01966,-0.001664,-0.00681,-0.007747,-0.01281,-0.010775,-0.010542,-0.014105,,,,,,,,,,,,,,,,-0.020283,-0.023224,-0.008603,-0.00526,-0.006943,,,,,,,,,,,,,,,,-0.004975,-0.011182,-0.005285,-0.002925,-0.006532,,,,,,,,,,,,,,,,-0.016456,-0.018412,-0.008136,-0.003052,-0.006215
SCC.BK,,,,,,,,,,,-0.00485,-0.045395,-0.050367,-0.048657,-0.054895,-0.058033,-0.059422,-0.061254,-0.048331,-0.028419,,,,,,,,,,,-0.065924,-0.048952,-0.053906,-0.031202,-0.032432,-0.0387,-0.041206,-0.044695,-0.019897,-0.015905,,,,,,,,,,,-0.080295,-0.072452,-0.077283,-0.055292,-0.055334,-0.059034,-0.060339,-0.060969,-0.03316,-0.022291,,,,,,,,,,,,0.023756,0.018424,-0.007438,0.005016,0.002681,-0.030235,-0.031041,-0.026877,-0.022869,,,,,,,,,,,,-0.016092,-0.021217,-0.020763,-0.012811,-0.012568,-0.011004,-0.011346,-0.009744,-0.010516,,,,,,,,,,,,0.010969,0.005703,-0.00601,-0.002134,0.001518,-0.026905,-0.026868,-0.020071,-0.017958
SCGP.BK,,,,,,,,,-0.03669,-0.002827,-0.008075,-0.01709,-0.022209,-0.023646,-0.03255,-0.026745,-0.025122,-0.025433,-0.025765,-0.018563,,,,,,,,,-0.095326,-0.018084,-0.023252,-0.03197,-0.037012,-0.03913,-0.029892,-0.008903,-0.017489,-0.01897,-0.021125,-0.019122,,,,,,,,,-0.103702,-0.010266,-0.015475,-0.018403,-0.023515,-0.029337,-0.030742,-0.007309,-0.015881,-0.018302,-0.020204,-0.015702,,,,,,,,,,-0.061186,-0.066127,-0.061287,-0.066176,-0.021756,0.000133,-0.006974,-0.016879,-0.019631,-0.022981,-0.017804,,,,,,,,,,0.003934,-0.00135,-0.01288,-0.008278,-0.00315,0.0026,-0.007435,-0.011442,-0.015131,-0.019462,-0.014282,,,,,,,,,,-0.017772,-0.022942,-0.033142,-0.025777,-0.007276,0.007396,-0.004617,-0.012929,-0.016223,-0.02011,-0.012825
SIRI.BK,,,,,,,,,,,,,,-0.009478,-0.004306,-0.000226,-0.005161,-0.008919,-0.011299,-0.013808,,,,,,,,,,,,,,0.006205,-0.0002,-0.00344,-0.005147,-0.010874,-0.011035,-0.012489,,,,,,,,,,,,,,0.005867,0.001924,0.000911,-0.001117,-0.008354,-0.011855,-0.013988,,,,0.062538,0.056763,0.051051,0.0454,0.03981,0.034279,0.028807,0.073999,0.045796,0.023886,-0.019116,-0.007018,-0.012715,-0.017294,-0.018258,-0.021692,-0.011058,,,,0.050395,0.044686,0.039039,0.033453,0.027926,0.022459,0.017049,0.01417,-0.004658,-0.002786,-0.00738,-0.005429,-0.012366,-0.015426,-0.01723,-0.018986,-0.008611,,,,0.056466,0.050725,0.045045,0.039427,0.033868,0.028369,0.022928,0.044085,0.018934,0.013235,-0.020792,-0.009777,-0.016462,-0.020936,-0.022334,-0.02387,-0.008341
SISB.BK,-0.048889,-0.054144,-0.059341,-0.064481,-0.069565,-0.074595,-0.07957,-0.084492,-0.04931,-0.049054,-0.046216,-0.046303,-0.03239,-0.028267,-0.022764,-0.021749,-0.025954,-0.024792,-0.026682,-0.031803,-0.04,-0.045304,-0.050549,-0.055738,-0.06087,-0.065946,-0.070968,-0.075936,-0.049115,-0.056837,-0.061801,-0.059102,-0.009888,-0.006687,-0.006771,-0.008627,-0.02581,-0.027166,-0.026643,-0.029944,-0.026667,-0.032044,-0.037363,-0.042623,-0.047826,-0.052973,-0.058065,-0.063102,-0.042732,-0.044891,-0.046952,-0.053802,-0.015286,-0.014257,-0.013086,-0.016588,-0.030165,-0.029231,-0.027127,-0.032104,,,,-0.011902,-0.017272,-0.022584,0.001104,-0.004249,-0.030019,-0.009786,-0.02187,-0.030529,-0.028931,-0.034179,-0.035136,-0.040029,-0.022504,-0.027212,-0.029939,-0.029186,,,,-0.004416,-0.009827,-0.01518,-0.005263,-0.010582,-0.022156,-0.018328,-0.039218,-0.045224,-0.043328,-0.0459,-0.047191,-0.051351,-0.02129,-0.024479,-0.02728,-0.025213,,,,-0.019388,-0.024717,-0.029989,-0.005091,-0.010411,-0.02249,-0.007962,-0.034735,-0.0441,-0.042024,-0.04629,-0.04747,-0.052032,-0.020456,-0.025349,-0.028489,-0.028015
SJWD.BK,-0.005376,-0.010871,-0.016306,-0.021682,-0.026999,-0.032258,-0.037461,-0.053857,-0.040861,-0.027354,-0.006695,-0.014326,-0.01935,-0.01368,-0.017047,-0.046205,-0.035391,-0.02699,-0.029445,-0.030076,0.012545,0.006951,0.001418,-0.004054,-0.009467,-0.014821,-0.020118,-0.067669,-0.047733,-0.03248,-0.01536,-0.023998,-0.015944,-0.012237,-0.015551,-0.028788,-0.028279,-0.020039,-0.025365,-0.021947,0.030466,0.024773,0.019142,0.013573,0.008064,0.002615,-0.002775,-0.074003,-0.078928,-0.053856,-0.020533,-0.022674,-0.013234,-0.011034,-0.016583,-0.04386,-0.03783,-0.023125,-0.026521,-0.026421,,,,,,,,,,,-0.004982,-0.003636,-0.009159,-0.016782,-0.020632,-0.011503,-0.015898,-0.021675,-0.025881,-0.028045,,,,,,,,,,,0.002992,-0.011214,0.002725,-0.001796,-0.005711,-0.009323,-0.013281,-0.018538,-0.02153,-0.023958,,,,,,,,,,,-0.003409,-0.003134,-0.010794,-0.016212,-0.020381,-0.007766,-0.012016,-0.019068,-0.02282,-0.026127
SPALI.BK,,,,,,,,,,,0.059379,0.053833,0.048344,0.042912,0.022791,0.014121,0.006053,-0.014061,-0.018519,-0.010371,,,,,,,,,,,0.005398,0.000134,-0.005075,-0.01023,0.003472,-0.003751,-0.001086,-0.011981,-0.016148,-0.01223,,,,,,,,,,,0.039136,0.033696,0.028312,0.022984,0.014871,0.005686,0.002982,-0.015408,-0.021271,-0.014543,,,,,,,,-0.002217,-0.007525,-0.019058,-0.024221,-0.02933,-0.034386,-0.034588,-0.001712,-0.003972,0.003736,-0.010665,-0.014388,-0.006102,,,,,,,,-0.002217,-0.007525,-0.014417,-0.019604,-0.024737,-0.029817,-0.028155,-0.013342,-0.016546,-0.009869,-0.015804,-0.017212,-0.011097,,,,,,,,-0.034825,-0.039958,-0.039831,-0.044884,-0.049885,-0.054833,-0.04815,-0.017223,-0.019752,-0.006909,-0.019261,-0.02141,-0.013321
SPRC.BK,,,,,,,,0.042442,0.036897,0.005973,0.007491,-0.015024,-0.019963,-0.014725,-0.026734,-0.026037,0.023177,-0.000345,-0.004236,-0.00678,,,,,,,,0.015366,0.009965,-0.007422,-0.003493,-0.031528,-0.023347,-0.019483,-0.026573,-0.023364,0.003937,-0.006807,-0.010302,-0.009218,,,,,,,,0.008597,0.003232,-0.017566,-0.003917,-0.045997,-0.031379,-0.02458,-0.031126,-0.030701,0.022576,-0.002964,-0.006407,-0.005892,,,,,,,,,,-0.001137,-0.017151,-0.032883,-0.012937,-0.016683,-0.020953,-0.009868,-0.012296,-0.01515,-0.022236,-0.015852,,,,,,,,,,-0.001137,-0.016757,-0.020819,-0.02369,-0.026363,-0.030643,-0.018422,-0.021557,-0.023398,-0.026345,-0.022307,,,,,,,,,,-0.014983,-0.013153,-0.020159,-0.023996,-0.026241,-0.030464,-0.017415,-0.020112,-0.022518,-0.026903,-0.018875
STA.BK,,,,,,,,,0.005934,0.000612,-0.008682,-0.021981,-0.027074,-0.023787,-0.012947,-0.003797,-0.009894,-0.015709,-0.018752,-0.010881,,,,,,,,,-0.015776,-0.020984,-0.01467,-0.021668,-0.026559,-0.024647,-0.004524,-0.005257,-0.007923,-0.019686,-0.021534,-0.011567,,,,,,,,,0.005934,0.000612,-0.007509,-0.016468,-0.019448,-0.02286,-0.002798,-0.004358,-0.017,-0.021542,-0.023506,-0.015046,,,,,,,0.047267,0.006573,0.001219,-0.004078,-0.00932,0.019999,0.015746,0.006535,-0.002062,-0.007318,-0.014659,-0.013848,-0.025438,-0.014777,,,,,,,-0.014337,-0.006239,-0.011525,-0.016755,-0.02193,-0.008377,-0.002774,-0.008456,-0.003778,-0.007577,-0.01129,-0.020981,-0.020587,-0.012213,,,,,,,-0.003136,-0.009581,-0.014849,-0.020062,-0.025219,0.002396,-0.001885,-0.003017,-0.005158,-0.009414,-0.014748,-0.018196,-0.020735,-0.015764
STGT.BK,0.067538,0.06164,0.055807,0.050038,0.044331,0.038686,0.033101,0.019836,0.014411,0.009044,0.006666,0.001395,-0.009284,-0.015597,-0.020432,-0.002014,-0.00526,-0.013718,-0.016481,-0.016507,0.018519,0.012891,0.007326,0.001822,-0.003623,-0.009009,-0.014337,-0.014523,-0.019765,-0.024952,-0.024233,-0.029342,-0.024405,-0.017264,-0.020112,-0.011238,-0.009273,-0.017903,-0.020134,-0.014997,0.062092,0.056224,0.05042,0.04468,0.039003,0.033386,0.02783,0.017215,0.011804,0.00645,-0.003408,-0.008626,-0.016854,-0.008714,-0.012226,-0.004631,-0.005208,-0.013711,-0.017527,-0.017225,,,,,,0.116526,0.025519,0.020035,0.014609,0.035654,0.030203,0.012698,0.005841,-0.002937,-0.009006,-0.012211,-0.01581,-0.020644,-0.01353,-0.00997,,,,,,0.086989,0.012265,0.006852,0.001496,0.014821,0.00948,0.007063,0.00322,-0.008878,-0.020309,-0.023029,-0.026422,-0.031037,-0.017986,-0.009467,,,,,,0.104711,0.013866,0.008444,0.00308,0.030791,0.025366,0.014833,0.010119,-0.001366,-0.012692,-0.015865,-0.019879,-0.024939,-0.014167,-0.010698
TASCO.BK,,,,,,,,,,,,,,,0.013534,0.006907,-0.009464,-0.01523,-0.008991,-0.01048,,,,,,,,,,,,,,,-0.016148,-0.018517,-0.011828,-0.016337,-0.011282,-0.009848,,,,,,,,,,,,,,,-0.005707,-0.012327,-0.012356,-0.017742,-0.009819,-0.01101,,,,,,,,,,,,,,0.002841,-0.003392,-0.015142,-0.010465,-0.008891,-0.015097,-0.014915,,,,,,,,,,,,,,-0.003844,-0.017334,-0.021058,-0.009617,-0.007698,-0.011486,-0.008383,,,,,,,,,,,,,,0.002841,-0.016011,-0.018969,-0.009678,-0.009204,-0.016988,-0.012744
TCAP.BK,,,,,,,,,,,,,,,-0.011367,-0.00074,0.005185,0.004013,-0.002743,0.007722,,,,,,,,,,,,,,,-0.016653,-0.014053,-0.006913,-0.005415,-0.004805,0.004021,,,,,,,,,,,,,,,-0.011367,-0.006082,-0.005417,-0.000864,-0.004559,0.004484,,,,,,,,,,,,,,-0.013551,-0.018636,-0.012118,-0.006203,-0.002524,-0.015437,-0.009611,,,,,,,,,,,,,,-0.003587,-0.008723,-0.002125,-7.6e-05,-0.002554,-0.012632,-0.00844,,,,,,,,,,,,,,-0.013551,-0.018636,-0.005489,-0.002909,-0.002667,-0.012338,-0.009756
TFG.BK,,,,,,,,,,-0.001255,-0.006512,-0.010973,-0.016124,-0.010984,-0.015233,-0.025116,-0.016064,-0.007596,-0.012225,-0.017272,,,,,,,,,,0.040648,0.035171,-0.001274,-0.006476,-0.008512,-0.014572,-0.023085,-0.019823,-0.020229,-0.024024,-0.026043,,,,,,,,,,0.014325,0.008986,0.000813,-0.004399,-0.003162,-0.008275,-0.016826,-0.012425,-0.014668,-0.018243,-0.021498,,,,,,,,,,,0.052632,-0.003256,-0.008594,0.001598,-0.001408,-0.009367,-0.013504,-0.024812,-0.02929,-0.030656,,,,,,,,,,,0.003545,-0.001732,-0.007457,-0.004987,0.000116,-0.006369,-0.010603,-0.01602,-0.020005,-0.022748,,,,,,,,,,,0.008999,-0.00448,-0.01066,-0.001815,0.00575,-0.001794,-0.006302,-0.022743,-0.027127,-0.028863
TIDLOR.BK,,,,,,,,,,,0.082536,0.051795,0.046317,0.040896,0.014922,0.009717,-0.003278,-0.012232,-0.006016,0.002308,,,,,,,,,,,0.04067,0.020772,0.019767,0.014483,0.004554,-0.000598,-0.01641,-0.017897,-0.015399,-0.013179,,,,,,,,,,,0.076555,0.038621,0.026869,0.021549,0.012373,0.007182,-0.005787,-0.013062,-0.010734,-0.007798,,,,,,,,,,,,,,-0.019745,-0.024798,-0.026418,-0.003507,0.010112,0.005694,0.002778,,,,,,,,,,,,,,-0.010409,-0.01551,-0.010988,-0.007353,-0.005109,-0.008808,-0.011733,,,,,,,,,,,,,,-0.019745,-0.024798,-0.019263,-0.004031,0.002996,-0.002088,-0.00707
TISCO.BK,,,,,,,,,,,,,,,,,-0.002666,-0.00334,-0.001829,-9.2e-05,,,,,,,,,,,,,,,,,-0.025741,-0.010413,-0.004353,-0.000659,,,,,,,,,,,,,,,,,-0.023177,-0.009724,-0.003923,-0.002992,,,,,,,,,,,,,,,,,,-0.002832,-0.001551,-0.002366,,,,,,,,,,,,,,,,,,-0.009422,-0.005006,-0.002445,,,,,,,,,,,,,,,,,,-0.008039,-0.004396,-0.004112
TLI.BK,,,,,,,,,,0.00921,-0.009933,-0.011456,-0.003839,0.000106,0.003703,0.006681,0.00041,-0.010454,-0.009057,-0.011107,,,,,,,,,,0.00921,0.009015,0.00268,-0.009813,-0.011291,-0.009594,0.01325,0.007721,-0.007673,-0.009046,-0.011321,,,,,,,,,,-0.000588,0.005575,0.000114,-0.002055,-0.003411,-0.001508,0.014913,0.009445,-0.003483,-0.005378,-0.009739,,,,,,,,,,,0.011082,-0.012264,-0.017408,-0.017711,-0.017136,-0.001109,-0.006369,-0.014801,-0.017458,-0.018548,,,,,,,,,,,0.002162,-0.005736,-0.010914,-0.012327,-0.01305,-0.003298,-0.006899,-0.014206,-0.01736,-0.016698,,,,,,,,,,,0.006622,-0.007854,-0.013022,-0.015326,-0.020411,-0.00308,-0.007238,-0.014455,-0.017335,-0.018067
TOA.BK,,,,,,,,,-0.073898,-0.036057,-0.029033,-0.006177,-0.012816,-0.012315,-0.023991,0.006536,0.005953,-0.001485,-0.013494,-0.015083,,,,,,,,,-0.102394,-0.033358,-0.036093,-0.0246,-0.024573,-0.018372,-0.022236,-0.012923,-0.015077,-0.014626,-0.018918,-0.016624,,,,,,,,,-0.111892,-0.048045,-0.033439,-0.011575,-0.018139,-0.009262,-0.01729,0.001034,0.000268,-0.003722,-0.014409,-0.01389,,,,,,,-0.040767,-0.045897,-0.050972,-0.055993,-0.012301,-0.034964,-0.021528,-0.025781,-0.016408,-0.015182,-0.002791,-0.008524,-0.012883,-0.015606,,,,,,,-0.025296,-0.030508,-0.035665,-0.040767,-0.034372,-0.018154,-0.015982,-0.01882,-0.010691,-0.011488,-0.008645,-0.010403,-0.014349,-0.01744,,,,,,,-0.033032,-0.038203,-0.043318,-0.04838,-0.006804,-0.024478,-0.021381,-0.024623,-0.006031,-0.00827,-0.004539,-0.008981,-0.013298,-0.01649
TOP.BK,-0.036458,-0.041782,-0.047047,-0.052254,-0.057405,-0.004569,-0.009921,-0.015216,-0.034153,-0.038271,-0.043333,-0.048341,-0.003592,0.014604,0.00737,0.004281,-0.000265,-0.001621,-0.006488,-0.005878,-0.088542,-0.093577,-0.098558,-0.103484,-0.108356,-0.043767,-0.048908,-0.053994,-0.049736,-0.061583,-0.066522,-0.07141,-0.021044,-0.00107,-0.005887,-0.007718,-0.007442,-0.007755,-0.004956,-0.011262,-0.045139,-0.050414,-0.055632,-0.060792,-0.065897,-0.018032,-0.023312,-0.028535,-0.036019,-0.057725,-0.062684,-0.067592,-0.014971,0.001334,-0.00225,-0.004567,-0.005149,-0.004921,-0.005424,-0.010885,,,,,,,,,,0.129426,0.03099,0.004914,-0.011322,-0.01463,-0.020799,-0.02191,-0.017325,-0.020833,-0.016259,-0.013796,,,,,,,,,,0.068376,0.011105,0.00292,-0.003998,-0.008435,-0.017986,-0.018139,-0.019637,-0.023557,-0.02042,-0.015692,,,,,,,,,,0.119251,0.029694,0.008447,-0.00305,-0.009493,-0.018287,-0.016634,-0.01949,-0.023265,-0.018935,-0.015934
TRUE.BK,,,,,,,,0.009546,0.004176,0.033431,0.016565,0.00899,0.003735,-0.015554,-0.017779,-0.018117,-0.02143,-0.007658,-0.012411,-0.013659,,,,,,,,0.009546,0.004176,0.018734,0.015473,0.008085,0.002834,-0.015362,-0.011494,-0.012089,-0.017264,-0.009704,-0.013391,-0.012221,,,,,,,,-0.00045,-0.005767,0.018688,0.022643,0.014029,0.008748,-0.03006,-0.01761,-0.014917,-0.019781,-0.010162,-0.014579,-0.015661,,,-0.051928,-0.057109,-0.062234,-0.067303,-0.072317,-0.077278,-0.082186,-0.051916,-0.056906,-0.061843,-0.06673,-0.015776,-0.007566,-0.006903,-0.010656,-0.006104,-0.010668,-0.009537,,,0.00553,3.6e-05,-0.005399,-0.010775,-0.016094,-0.021355,-0.026561,-0.045081,-0.050107,-0.05508,-0.060002,0.009701,-0.0,0.002187,-0.001598,-0.003261,-0.007776,-0.011623,,,-0.008834,-0.014251,-0.019608,-0.024907,-0.03015,-0.035336,-0.040467,-0.039499,-0.044554,-0.049557,-0.054507,-0.01043,-0.006203,-0.004712,-0.008977,-0.006134,-0.011062,-0.012598
TTB.BK,,,,,,,,,,,,-0.019014,-0.024123,-0.036311,-0.041279,-0.036133,-0.004743,0.000443,-0.00324,-0.002273,,,,,,,,,,,,0.014053,0.008772,-0.022606,-0.027644,-0.039238,-0.00847,-5.8e-05,-0.001582,-0.002755,,,,,,,,,,,,,,-0.048758,-0.053661,-0.06069,-0.006657,0.000699,0.001544,-0.001264,,,,,,,,,,,,,,-0.013077,-0.018164,-0.004807,-0.006228,-0.008474,-0.003644,-0.005308,,,,,,,,,,,,,,-0.01856,-0.023619,-0.009931,-0.012796,-0.013575,-0.004453,-0.00494,,,,,,,,,,,,,,-0.01856,-0.023619,-0.007489,-0.006502,-0.005505,-0.001588,-0.003334
TU.BK,,,,,,,,,,0.058201,0.024373,0.022072,0.011531,0.00629,0.009133,0.001783,0.00061,0.006136,0.002532,-0.002504,,,,,,,,,,-0.074074,-0.041416,-0.025763,-0.013543,-0.018654,-0.020534,-0.015277,-0.001995,-0.001713,-0.004777,-0.007434,,,,,,,,,,-0.010386,-0.002675,0.004134,-0.00098,-0.006156,-0.014822,-0.01239,-0.003291,0.00242,-0.000993,-0.005722,,,,,,0.136051,0.129943,0.123901,0.117923,0.112008,0.106155,0.100364,0.009079,0.005721,0.000204,-0.00189,-0.011054,0.004805,0.002832,-0.002855,,,,,,0.071919,0.066156,0.060455,0.054814,0.049233,0.043711,0.038246,0.00471,-0.015481,-0.018458,-0.022236,-0.012597,-0.006634,-0.010476,-0.00966,,,,,,0.108566,0.102606,0.09671,0.090876,0.085104,0.079393,0.073742,0.013983,-0.013101,-0.016073,-0.020141,-0.017194,-0.006159,-0.009159,-0.009242
VGI.BK,,0.040006,0.038847,-0.040185,-0.045401,-0.050561,-0.045565,-0.050669,-0.046244,-0.047382,-0.046965,-0.050063,-0.052987,-0.055884,-0.057285,-0.053059,-0.057254,-0.057938,-0.062531,-0.058165,,-0.02687,-0.00064,-0.037112,-0.042345,-0.047521,-0.033368,-0.035487,-0.03487,-0.034007,-0.034586,-0.037505,-0.039804,-0.041804,-0.045858,-0.046893,-0.048683,-0.046411,-0.050491,-0.047419,,0.046301,0.040553,-0.112692,-0.117514,-0.122285,-0.057805,-0.0578,-0.046958,-0.041109,-0.040504,-0.044407,-0.043024,-0.047324,-0.050448,-0.048381,-0.05229,-0.051676,-0.0561,-0.053167,,0.147067,0.140764,0.13453,0.128365,0.058328,0.052638,-0.024819,-0.030006,-0.031808,-0.041377,-0.046396,-0.048828,-0.034454,-0.04647,-0.02658,-0.031436,-0.036353,-0.040295,-0.042122,,-0.02131,-0.026687,-0.032006,-0.037267,-0.041888,-0.047039,-0.043997,-0.049082,-0.032746,-0.038795,-0.043827,-0.041021,-0.02415,-0.03097,-0.016425,-0.020895,-0.022528,-0.026182,-0.029757,,0.12602,0.119833,0.113713,0.107661,0.037833,0.032253,-0.009036,-0.014307,-0.01827,-0.027435,-0.032527,-0.032122,-0.022137,-0.033746,-0.021208,-0.026657,-0.029771,-0.032403,-0.035198
WHA.BK,0.07959,0.073626,0.067727,0.061892,0.056121,0.031963,0.026415,0.020926,0.015495,0.010122,0.020953,0.012372,0.0071,-0.004288,-0.00662,-0.004011,-0.042121,-0.028203,-0.011308,-0.015624,,,,,,-0.031531,-0.036738,-0.041889,-0.046986,-0.052028,-0.021969,-0.015276,-0.020405,-0.00451,-0.018229,-0.014303,-0.03957,-0.022613,-0.017542,-0.019947,0.016548,0.010932,0.005378,-0.000116,-0.00555,-0.009967,-0.01529,-0.020556,-0.025766,-0.03092,-0.00882,-0.007174,-0.012345,-0.005845,-0.022659,-0.016872,-0.039892,-0.021875,-0.016163,-0.020277,-0.088994,-0.094027,-0.099005,-0.103929,-0.108799,-0.113616,-0.118381,-0.123096,-0.12776,-0.132375,-0.017685,-0.024495,-0.029576,-0.007501,-0.009211,-0.027404,-0.036279,-0.022986,-0.016931,-0.016425,-0.099526,-0.104501,-0.109421,-0.114288,-0.119102,-0.123863,-0.128574,-0.133234,-0.095746,-0.100531,-0.047639,-0.014679,-0.019811,-0.012234,-0.016261,-0.024024,-0.031251,-0.022373,-0.020178,-0.020325,-0.104792,-0.109738,-0.114629,-0.119467,-0.124253,-0.128987,-0.13367,-0.138302,-0.065634,-0.070578,-0.024369,-0.008634,-0.013797,-0.007943,-0.011673,-0.023329,-0.030246,-0.022266,-0.019113,-0.019279
WHAUP.BK,,,,,,,0.049043,0.043433,0.037883,0.032391,0.027901,0.039285,0.033872,0.018796,0.015063,0.003269,-0.009952,-0.035519,-0.024924,-0.015647,,,,,,,0.033307,0.027781,0.022315,0.016905,0.002357,-0.002891,-0.008084,-0.005361,0.001093,-0.00549,-0.005959,-0.019796,-0.019561,-0.011386,,,,,,,0.049043,0.043433,0.037883,0.032391,0.021953,0.016069,0.010777,0.002859,0.010088,0.001933,-0.004495,-0.034052,-0.030108,-0.017682,,,,,,,,,-0.032465,-0.001194,-0.006451,-0.011653,-0.019542,-0.01151,0.00414,0.000103,-0.00242,-0.004131,-0.010473,-0.016127,,,,,,,,,-0.009538,-0.015671,-0.020851,-0.025978,-0.010113,-0.012928,-0.00549,-0.007005,-0.00617,-0.00944,-0.010989,-0.015502,,,,,,,,,0.017975,-0.004863,-0.0101,-0.015283,-0.006186,-0.011822,-0.001571,-0.00026,-0.003116,-0.005675,-0.011797,-0.017395
